,,urls,,Views,Uploaded_Date,Likes ,Dislikes 
0,,https://www.youtube.com/watch?v=bWWTk-pZX5g,,"382,446 views",23 Mar 2020,18K,341
1,,https://www.youtube.com/watch?v=gyK9USvrvDQ,,"575,824 views",25 Aug 2018,12K,992
2,,https://www.youtube.com/watch?v=GihybX7JyG4,,"4,692,014 views",26 Oct 2017,61K,4.3K
3,,https://www.youtube.com/watch?v=4f2OCYaqLdE,,"1,977,658 views",25 Jan 2020,99K,734
4,,https://www.youtube.com/watch?v=imA5NPX4ucU,,"2,450 views",23 Jul 2020,233,0
5,,https://www.youtube.com/watch?v=QgU1zoZJQDM,,"17,872 views",Premiered 17 hours ago,393,2
6,,https://www.youtube.com/watch?v=zAS1nXFqBM8,,"255,169 views",1 May 2019,9.2K,189
7,,https://www.youtube.com/watch?v=Dk9mcJtIuCs,,"1,834,917 views",26 Nov 2017,60K,1K
8,,https://www.youtube.com/watch?v=THtKW5hy3u4,,"358,861 views",20 Feb 2020,15K,161
9,,https://www.youtube.com/watch?v=eTFy8RnUkoU,,"4,906,542 views",10 Oct 2017,102K,2.1K
10,,https://www.youtube.com/watch?v=a47dqygseGo,,"1,163,884 views",30 Sep 2018,34K,996
11,,https://www.youtube.com/watch?v=6Gw5dK48MtI,,"197,098 views",28 Jan 2020,8.1K,127
12,,https://www.youtube.com/watch?v=2pWCyUys6lM,,"514,182 views",25 Sep 2019,19K,530
13,,https://www.youtube.com/watch?v=v9TDLenqbzM,,"29,485 views",23 Jul 2020,2.9K,11
14,,https://www.youtube.com/watch?v=pNar3Dh9zDk,,"6,706,981 views",29 Dec 2018,546K,11K
15,,https://www.youtube.com/watch?v=XuXhqIsb2sk,,"583,637 views",20 Nov 2019,24K,343
16,,https://www.youtube.com/watch?v=wJdNrCeUdhc,,"8,179,449 views",17 May 2018,124K,6K
17,,https://www.youtube.com/watch?v=osqNn_9HdgU,,"2,138,537 views",10 Jul 2020,149K,1.9K
18,,https://www.youtube.com/watch?v=lviVCr1dK1o,,"1,672,079 views",31 Mar 2020,67K,1.3K
19,,https://www.youtube.com/watch?v=8tKuviI68Ss,,"655,104 views",30 Oct 2019,25K,656
20,,https://www.youtube.com/watch?v=EcHXbIp1AEw,,"19,933 views",23 Jul 2020,1.2K,4
21,,https://www.youtube.com/watch?v=dKAixirAIVk,,"494,239 views",22 Nov 2019,30K,297
22,,https://www.youtube.com/watch?v=dv4zUPs2JQc,,"177,256 views",16 Mar 2018,5.6K,178
23,,https://www.youtube.com/watch?v=xeUWvnHXikQ,,"324,418 views",18 May 2019,8.2K,235
24,,https://www.youtube.com/watch?v=8H9jTlrpl4s,,"833,025 views",21 Mar 2018,27K,933
25,,https://www.youtube.com/watch?v=sm9pNiYpiDY,,"528,128 views",7 Dec 2018,15K,346
26,,https://www.youtube.com/watch?v=lIW5jBrrsS0,,"2,208,180 views",Premiered on 23 Apr 2019,215K,1.3K
27,,https://www.youtube.com/watch?v=K5oyGK7YCBk,,"490,068 views",24 Jan 2020,19K,292
28,,https://www.youtube.com/watch?v=dIrrROL2pRE,,"643,538 views",Premiered on 28 Jun 2020,35K,533
29,,https://www.youtube.com/watch?v=lb8jeSp77dY,,"85,828 views",Streamed live on 21 Jul 2020,9.7K,198
30,,https://www.youtube.com/watch?v=JNib3HUCg2M,,"80,772 views",19 Jul 2020,6.6K,40
31,,https://www.youtube.com/watch?v=ll2C2J6Q3SY,,"8,251,320 views",6 Dec 2017,40K,549
32,,https://www.youtube.com/watch?v=u7OAMv-XfKs,,"3,301 views",23 Jul 2020,LIKE,DISLIKE
33,,https://www.youtube.com/watch?v=-f0NzGe6AqM,,"539,647 views",11 Apr 2020,34K,925
34,,https://www.youtube.com/watch?v=OeZAn0GcUow,,"68,978 views",22 Jul 2020,5.7K,64
35,,https://www.youtube.com/watch?v=pm8oXab3zSk,,"83,689 views",15 Jul 2020,7.6K,79
36,,https://www.youtube.com/watch?v=6Zu6cw5UjSg,,"2,182,373 views",31 Jul 2018,78K,1K
37,,https://www.youtube.com/watch?v=4AW54-7UUE0,,"22,044 views",23 Jul 2020,1.7K,8
38,,https://www.youtube.com/watch?v=fhbZT0Dpipc,,"50,666 views",13 Jul 2020,5K,19
39,,https://www.youtube.com/watch?v=69z122eUdDc,,"20,682,849 views",1 Jun 2018,70K,14K
40,,https://www.youtube.com/watch?v=SJaY_kiXBzY,,"22,125,797 views",4 Jan 2020,63K,27K
41,,https://www.youtube.com/watch?v=ZkIIAiqDGJ0,,"17,981,343 views",6 Apr 2014,58K,15K
42,,https://www.youtube.com/watch?v=AqAJLh9wuZ0,,"45,939,052 views",Premiered on 27 Feb 2020,1.3M,154K
43,,https://www.youtube.com/watch?v=dANdTnL7GxE,,"123,932 views",23 Jul 2020,9.8K,34
44,,https://www.youtube.com/watch?v=RHZhi0a-CPQ,,"12,506 views",23 Jul 2020,263,3
45,,https://www.youtube.com/watch?v=LdHzeCYnuC0,,"42,233,486 views",18 Nov 2019,141K,48K
46,,https://www.youtube.com/watch?v=pECuHYLnLyo,,"47,985,584 views",21 Oct 2019,167K,46K
47,,https://www.youtube.com/watch?v=j8w7DzNgShg,,"65,990,443 views",18 May 2018,249K,45K
48,,https://www.youtube.com/watch?v=uyM6Wyg0xPg,,"76,374,287 views",6 Jul 2016,601K,21K
49,,https://www.youtube.com/watch?v=DaFRheiGED0,,"2,728,977 views",26 Apr 2020,178K,5.4K
50,,https://www.youtube.com/watch?v=54IYi9JRPV4,,"14,017,006 views",16 Aug 2019,93K,13K
51,,https://www.youtube.com/watch?v=ia1iuXbEaYQ,,"76,996,892 views",Premiered on 10 Jan 2020,2.1M,60K
52,,https://www.youtube.com/watch?v=mggVxZj5HTs,,"1,557,792 views",22 Jul 2020,97K,3K
53,,https://www.youtube.com/watch?v=A870mS0bN-E,,"118,531,403 views",2 Nov 2016,336K,76K
54,,https://www.youtube.com/watch?v=YJMZ9rCdGZk,,"26,040 views",24 Jul 2020,444,13
55,,https://www.youtube.com/watch?v=6R2USoz__Mk,,"4,141 views",23 Jul 2020,62,3
56,,https://www.youtube.com/watch?v=wFeoLnr8Pn0,,"88,189 views",Streamed live on 23 Jul 2020,6.9K,89
57,,https://www.youtube.com/watch?v=LhZyHIZpzoM,,"238,982 views",24 Jul 2020,7.9K,101
58,,https://www.youtube.com/watch?v=yRhRZB-nqOU,,"97,604,811 views",8 Dec 2016,334K,58K
59,,https://www.youtube.com/watch?v=KF4hH8wUXWw,,"241,594,683 views",29 Sep 2016,642K,283K
60,,https://www.youtube.com/watch?v=iaWr41rDkm0,,"59,559 views",22 Jul 2020,4.4K,81
61,,https://www.youtube.com/watch?v=IBV_loY5Kc0,,"5,742,054 views",21 Jun 2020,22K,8.5K
62,,https://www.youtube.com/watch?v=ejKvwawO0uA,,"1,808,340 views",23 Jul 2020,35K,1K
63,,https://www.youtube.com/watch?v=WfGMYdalClU,,"42,674,960 views",21 Dec 2012,1M,84K
64,,https://www.youtube.com/watch?v=tbEekLA7J3Y,,"12,403,804 views",7 Feb 2020,474K,13K
65,,https://www.youtube.com/watch?v=j8oaaP68i4s,,"2,054,215 views",23 Jul 2020,60K,914
66,,https://www.youtube.com/watch?v=oWATWGigIWM,,"7,251,717 views",16 Dec 2019,39K,2.9K
67,,https://www.youtube.com/watch?v=D61XWb1jSQU,,"25,184 views",23 Jul 2020,99,11
68,,https://www.youtube.com/watch?v=3IIBVnn4eTM,,"15,881,561 views",20 Nov 2014,176K,1.8K
69,,https://www.youtube.com/watch?v=9jpsuaZlIss,,"33,579,298 views",27 Nov 2019,179K,18K
70,,https://www.youtube.com/watch?v=pCkLHDt9s1M,,"3,306,040 views",19 Jul 2020,19K,4.6K
71,,https://www.youtube.com/watch?v=jKCj3XuPG8M,,"14,582,102 views",4 Sep 2019,123K,4.4K
72,,https://www.youtube.com/watch?v=aBt8fN7mJNg,,"179,152,007 views",25 May 2011,838K,25K
73,,https://www.youtube.com/watch?v=Z_4ULKpkLNc,,"9,919,659 views",26 Jul 2013,52K,1.9K
74,,https://www.youtube.com/watch?v=LVFZx-lJsL0,,"60,992 views",21 Jul 2020,16K,33
75,,https://www.youtube.com/watch?v=6pA_Tou-DPI,,"243,204,483 views",18 Oct 2011,1.5M,98K
76,,https://www.youtube.com/watch?v=0Gl2QnHNpkA,,"268,029,655 views",25 May 2011,1M,37K
77,,https://www.youtube.com/watch?v=eYwbGaSurCQ,,"47,851,933 views",Premiered on 22 Nov 2019,534K,13K
78,,https://www.youtube.com/watch?v=4fndeDfaWCg,,"795,225,317 views",25 Oct 2009,3.7M,139K
79,,https://www.youtube.com/watch?v=-wv0yyoGYLI,,"45,734,046 views",9 Sep 2019,351K,20K
80,,https://www.youtube.com/watch?v=5g0Zn4AzPmw,,"81,349 views",20 Jul 2020,4K,129
81,,https://www.youtube.com/watch?v=iILJvqrAQ_w,,"23,910,341 views",10 May 2018,197K,4.4K
82,,https://www.youtube.com/watch?v=l9PxOanFjxQ,,"236,837,018 views",13 Oct 2014,1.8M,54K
83,,https://www.youtube.com/watch?v=_90JjgZo9Ts,,"375,689 views",19 Jul 2020,277,108
84,,https://www.youtube.com/watch?v=XsX3ATc3FbA,,"863,461,109 views",12 Apr 2019,16M,970K
85,,https://www.youtube.com/watch?v=H5hngjI3Oqs,,"3,750,194 views",23 Apr 2020,11K,4.3K
86,,https://www.youtube.com/watch?v=foXqdLnWtmg,,"1,621,857 views",21 Jul 2020,38K,3K
87,,https://www.youtube.com/watch?v=ZnvnUEzScj4,,"81,065,542 views",26 Dec 2018,143K,51K
88,,https://www.youtube.com/watch?v=2r9UuF9yWwQ,,"1,072,666 views",3 Jul 2020,9.2K,2K
89,,https://www.youtube.com/watch?v=65vg74PXUBQ,,"1,462,310 views",21 May 2019,3.4K,1K
90,,https://www.youtube.com/watch?v=mPRy1B4t5YA,,"124,962,484 views",26 Jul 2017,1.9M,60K
91,,https://www.youtube.com/watch?v=eJSik6ejkr0,,"388,018,869 views",17 Sep 2015,1.8M,68K
92,,https://www.youtube.com/watch?v=4-QMpR1L6XM,,"58,979 views",23 Jul 2020,4.3K,23
93,,https://www.youtube.com/watch?v=6M6samPEMpM,,"250,141,090 views",25 May 2011,1.4M,52K
94,,https://www.youtube.com/watch?v=3O1_3zBUKM8,,"1,032,456,720 views",18 Apr 2013,5.1M,332K
95,,https://www.youtube.com/watch?v=lPe09eE6Xio,,"94,446,117 views",6 Aug 2018,526K,17K
96,,https://www.youtube.com/watch?v=bkZEPgBqAu8,,"815,349 views",23 Jul 2020,23K,299
97,,https://www.youtube.com/watch?v=oq-sImFlgkU,,"1,072,381 views",29 Nov 2019,4.1K,1.1K
98,,https://www.youtube.com/watch?v=QnG22TS9glo,,"285,349 views",21 Jul 2020,374,123
99,,https://www.youtube.com/watch?v=uDWvg1bEzp0,,"456,152 views",20 Jul 2020,54K,124
100,,https://www.youtube.com/watch?v=aJOTlE1K90k,,"2,742,772,351 views",30 May 2018,16M,705K
101,,https://www.youtube.com/watch?v=F57P9C4SAW4,,"537,685,504 views",14 Jun 2010,2.1M,147K
102,,https://www.youtube.com/watch?v=qGNnJF877dg,,"29,542 views",23 Jul 2020,3.1K,9
103,,https://www.youtube.com/watch?v=9OgTLaedeVg,,"35,719 views",24 Jul 2020,2.5K,80
104,,https://www.youtube.com/watch?v=bMZJ9QqsflM,,"10,818 views",23 Jul 2020,165,6
105,,https://www.youtube.com/watch?v=afKBOFONecE,,"14,020,216 views",30 Apr 2020,106K,14K
106,,https://www.youtube.com/watch?v=z8jNKa6Nvzw,,"129,046 views",Premiered 18 hours ago,3.5K,54
107,,https://www.youtube.com/watch?v=6kahnkJGiu0,,"2,636,970 views",18 Jul 2020,30K,2.5K
108,,https://www.youtube.com/watch?v=MtlXssrc01M,,"16,563,611 views",5 Sep 2014,150K,2.4K
109,,https://www.youtube.com/watch?v=0LcbrwwvNo8,,"14,596,711 views",1 Jun 2020,95K,13K
110,,https://www.youtube.com/watch?v=3kZ2vL1GMWI,,"30,144 views",24 Jul 2020,2.8K,61
111,,https://www.youtube.com/watch?v=ZjuA_o6Jzyo,,"6,431,166 views",Premiered on 31 Jul 2019,87K,5.1K
112,,https://www.youtube.com/watch?v=-GGXQjmSytQ,,"15,015 views",24 Jul 2020,53,5
113,,https://www.youtube.com/watch?v=Hfwt7hqe52o,,"339,696 views",24 Jul 2020,33K,1K
114,,https://www.youtube.com/watch?v=p4kVWCSzfK4,,"299,645,152 views",28 Jun 2011,1.2M,36K
115,,https://www.youtube.com/watch?v=ExJmET8boVw,,"75,754,553 views",6 Jun 2018,856K,58K
116,,https://www.youtube.com/watch?v=ZKxb0BJu2-I,,"150,555 views",8 Jan 2019,1.4K,68
117,,https://www.youtube.com/watch?v=KT6ReWCkE10,,"14,520,320 views",9 Apr 2020,93K,13K
118,,https://www.youtube.com/watch?v=dFr0OzL1yWQ,,"29,672,131 views",25 Nov 2019,869K,27K
119,,https://www.youtube.com/watch?v=0t63oWosHA0,,"44,644,445 views",16 Jun 2009,120K,33K
120,,https://www.youtube.com/watch?v=4mlHvf6Jr9w,,"142,124 views",22 Jul 2020,1K,38
121,,https://www.youtube.com/watch?v=Y-fqWMaXb8A,,"140,661,505 views",8 Feb 2019,923K,30K
122,,https://www.youtube.com/watch?v=ejVktqDqzFs,,"427,655 views",23 Jul 2020,21K,376
123,,https://www.youtube.com/watch?v=cRJPvUlPVLc,,"279,391 views",24 Jul 2020,38K,551
124,,https://www.youtube.com/watch?v=XJv7egX9FcQ,,"656,608 views",23 Jul 2020,45K,2K
125,,https://www.youtube.com/watch?v=kO6WzAvO1HQ,,"25,703 views",9 Jul 2020,1K,121
126,,https://www.youtube.com/watch?v=YF1sBlYZghg,,"1,882,493 views",5 Oct 2019,55K,3.7K
127,,https://www.youtube.com/watch?v=dUaTmh3aric,,"899,196 views",25 Feb 2020,28K,1.4K
128,,https://www.youtube.com/watch?v=W4NeW_9FQd0,,"58,271 views",15 Jan 2018,1K,80
129,,https://www.youtube.com/watch?v=94GJhkmR1Xc,,"224,118 views",13 Apr 2020,4K,545
130,,https://www.youtube.com/watch?v=bw7nopG95Pw,,"788,081 views",1 May 2020,43K,1.7K
131,,https://www.youtube.com/watch?v=aeQnQ-vjtuY,,"3,649,939 views",2 May 2020,107K,3.9K
132,,https://www.youtube.com/watch?v=0sY0pTNDoWo,,"59,580 views",17 Jul 2020,3.9K,143
133,,https://www.youtube.com/watch?v=lFdEZPWTquU,,"330,956 views",24 Jun 2020,19K,838
134,,https://www.youtube.com/watch?v=bLshNdVPGGc,,"222,156 views",10 Jun 2020,14K,604
135,,https://www.youtube.com/watch?v=xbRFrsHyXY4,,"56,802 views",13 Jun 2020,1.4K,93
136,,https://www.youtube.com/watch?v=eq1-rQ9wYI8,,"24,940 views",21 Jul 2020,2.6K,107
137,,https://www.youtube.com/watch?v=FXqoPVC72xs,,"4,992,443 views",19 Apr 2020,150K,5K
138,,https://www.youtube.com/watch?v=28HH-ufdeqc,,"76,638 views",20 Jul 2020,3.6K,173
139,,https://www.youtube.com/watch?v=ccj9Bs_jNUY,,"85,504 views",13 May 2020,1.1K,85
140,,https://www.youtube.com/watch?v=M53_8laVluw,,"67,657 views",24 Jul 2020,5.7K,289
141,,https://www.youtube.com/watch?v=BPEP0HphcGs,,"30,772 views",27 Jun 2020,941,27
142,,https://www.youtube.com/watch?v=2jaHqwnbBN4,,"358,592 views",7 Jun 2020,9.2K,648
143,,https://www.youtube.com/watch?v=qVILJPiGGDM,,"1,265,642 views",19 Apr 2019,46K,2.5K
144,,https://www.youtube.com/watch?v=33Fl57fb7oY,,"728,404 views",10 Jul 2020,43K,2K
145,,https://www.youtube.com/watch?v=8ryF_Ro9dis,,"355,618 views",13 Jul 2020,28K,1.2K
146,,https://www.youtube.com/watch?v=CKwAEKGwj3U,,"155,781 views",25 May 2020,8.1K,768
147,,https://www.youtube.com/watch?v=0pss7E6IF_8,,"2,840,142 views",12 Nov 2019,82K,3.2K
148,,https://www.youtube.com/watch?v=SLpnCzUW_6w,,"113,546 views",9 Jul 2020,6.4K,361
149,,https://www.youtube.com/watch?v=y7WhxtTvfck,,"1,846,466 views",15 Jun 2020,90K,3.6K
150,,https://www.youtube.com/watch?v=SBoMC80UaG0,,,,3.6K,245
151,,https://www.youtube.com/watch?v=4OnwUz-I2GI,,"5,771,061 views",23 Dec 2019,206K,7.2K
152,,https://www.youtube.com/watch?v=CwpEJfvhaNc,,"144,385 views",19 Jul 2020,13K,513
153,,https://www.youtube.com/watch?v=N1hl2MINAQw,,"118,242 views",1 Jul 2020,3.6K,108
154,,https://www.youtube.com/watch?v=9nYHEb9LTM4,,"957,083 views",1 Jun 2020,79K,2.6K
155,,https://www.youtube.com/watch?v=BkCNQSqEKSA,,"503,147 views",17 Apr 2020,3.9K,431
156,,https://www.youtube.com/watch?v=sUqrai5gkpw,,"24,659 views",20 Jul 2020,457,60
157,,https://www.youtube.com/watch?v=0-nqhBhdLs0,,"212,244 views",1 Jul 2020,16K,729
158,,https://www.youtube.com/watch?v=7ym8Gg1UDWg,,"1,484,747 views",6 Jun 2020,96K,3.1K
159,,https://www.youtube.com/watch?v=KhuDutYEbVA,,"6,505 views",23 Jul 2020,477,24
160,,https://www.youtube.com/watch?v=psDO1rPFQ1Y,,"4,337,578 views",21 Nov 2019,43K,2.4K
161,,https://www.youtube.com/watch?v=agcxqXO0Dps,,"1,184,150 views",1 Jul 2020,87K,3.3K
162,,https://www.youtube.com/watch?v=-6WD98IQQFA,,"5,013 views",Premiered on 21 Jul 2020,52,0
163,,https://www.youtube.com/watch?v=9I1PlRwyVDw,,"404,863 views",20 May 2020,17K,427
164,,https://www.youtube.com/watch?v=vin2CjR7viI,,"7,551,144 views",20 Jan 2018,43K,6.1K
165,,https://www.youtube.com/watch?v=Strjq-WZF7Y,,"1,486,714 views",24 Mar 2020,62K,1.4K
166,,https://www.youtube.com/watch?v=X3paOmcrTjQ,,"1,142,163 views",4 Dec 2018,15K,617
167,,https://www.youtube.com/watch?v=lP1hb4BFAWA,,"145,328 views",26 Jan 2020,5.2K,78
168,,https://www.youtube.com/watch?v=qcqT5SqE8BY,,"239,762 views",25 Feb 2019,9.4K,321
169,,https://www.youtube.com/watch?v=Vsi2Wn6mAlc,,"76,836 views",21 Feb 2020,1.9K,29
170,,https://www.youtube.com/watch?v=BgpIzWmcEhA,,"42,463 views",15 Jul 2020,2K,31
171,,https://www.youtube.com/watch?v=tBU65SsJG_8,,"70,685 views",29 Jan 2020,2.9K,40
172,,https://www.youtube.com/watch?v=dM_MzB2sCQk,,"10,003 views",4 Jan 2020,176,6
173,,https://www.youtube.com/watch?v=355u2bDqB7c,,"5,050 views",Streamed live on 23 Jul 2020,321,4
174,,https://www.youtube.com/watch?v=dYZJxhYjBE8,,"858,007 views",20 Dec 2018,12K,524
175,,https://www.youtube.com/watch?v=4OZip0cgOho,,"473,940 views",8 May 2020,18K,394
176,,https://www.youtube.com/watch?v=iLcvvVXBSFo,,"431,868 views",16 Nov 2019,26K,772
177,,https://www.youtube.com/watch?v=bM58Js0m-2A,,"51,841 views",16 Oct 2017,519,94
178,,https://www.youtube.com/watch?v=csG_qfOTvxw,,"647,807 views",22 Aug 2019,23K,297
179,,https://www.youtube.com/watch?v=xC-c7E5PK0Y,,"1,474,452 views",22 Jun 2018,55K,757
180,,https://www.youtube.com/watch?v=KdgQvgE3ji4,,"163,995 views",31 Mar 2019,3.6K,59
181,,https://www.youtube.com/watch?v=qoxCynmob7I,,"28,112 views",1 Jul 2020,1.3K,59
182,,https://www.youtube.com/watch?v=NXoN3-BZpsQ,,"120,715 views",9 Aug 2019,3.3K,119
183,,https://www.youtube.com/watch?v=Rr4i9l80Ecs,,"34,661 views",19 Dec 2018,662,27
184,,https://www.youtube.com/watch?v=Dt89dX0c7Cw,,"59,561 views",25 Jan 2020,1.4K,38
185,,https://www.youtube.com/watch?v=Vfo5le26IhY,,"387,920 views",19 Dec 2019,10K,156
186,,https://www.youtube.com/watch?v=de7ZUb1fH3s,,"1,811,011 views",22 Nov 2019,LIKE,DISLIKE
187,,https://www.youtube.com/watch?v=FGjYeKSfLr4,,"9,549 views",Streamed live 17 hours ago,611,14
188,,https://www.youtube.com/watch?v=S8MmsBsGP-Q,,"160,805 views",4 Dec 2019,3.7K,106
189,,https://www.youtube.com/watch?v=-ETQ97mXXF0,,"817,519 views",18 Aug 2019,19K,243
190,,https://www.youtube.com/watch?v=-ETQ97mXXF0,,"817,519 views",18 Aug 2019,19K,243
191,,https://www.youtube.com/watch?v=-ETQ97mXXF0,,"817,519 views",18 Aug 2019,19K,243
192,,https://www.youtube.com/watch?v=-ETQ97mXXF0,,"817,519 views",18 Aug 2019,19K,243
193,,https://www.youtube.com/watch?v=_uQrJ0TkZlc,,"11,655,706 views",18 Feb 2019,365K,2.8K
194,,https://www.youtube.com/watch?v=_uQrJ0TkZlc,,"11,655,706 views",18 Feb 2019,365K,2.8K
195,,https://www.youtube.com/watch?v=_uQrJ0TkZlc,,"11,655,706 views",18 Feb 2019,365K,2.8K
196,,https://www.youtube.com/watch?v=_uQrJ0TkZlc,,"11,655,706 views",18 Feb 2019,365K,2.8K
197,,https://www.youtube.com/watch?v=_uQrJ0TkZlc,,"11,655,706 views",18 Feb 2019,365K,2.8K
198,,https://www.youtube.com/watch?v=_uQrJ0TkZlc,,"11,655,706 views",18 Feb 2019,365K,2.8K
199,,https://www.youtube.com/watch?v=_uQrJ0TkZlc,,"11,656,017 views",18 Feb 2019,365K,2.8K
200,,https://www.youtube.com/watch?v=_uQrJ0TkZlc,,"11,656,017 views",18 Feb 2019,365K,2.8K
201,,https://www.youtube.com/watch?v=_uQrJ0TkZlc,,"11,656,017 views",18 Feb 2019,365K,2.8K
202,,https://www.youtube.com/watch?v=u2zsY-2uZiE,,"377,142 views",3 Feb 2020,13K,165
203,,https://www.youtube.com/watch?v=GJaYfNiY4to,,"15,056 views",5 Jun 2020,396,6
204,,https://www.youtube.com/watch?v=cVxELmATmOU,,"19,771 views",19 Oct 2019,923,5
205,,https://www.youtube.com/watch?v=ua-CiDNNj30,,"866,798 views",30 May 2019,22K,328
206,,https://www.youtube.com/watch?v=k2P_pHQDlp0,,"663,904 views",26 Nov 2019,23K,473
207,,https://www.youtube.com/watch?v=Vs_ko7lF71w,,"27,736 views",15 Dec 2018,975,22
208,,https://www.youtube.com/watch?v=edvg4eHi_Mw,,"296,121 views",14 Jan 2020,10K,116
209,,https://www.youtube.com/watch?v=iJUzouXg5kY,,"45,855 views",23 Jul 2019,1.1K,29
210,,https://www.youtube.com/watch?v=rfscVS0vtbw,,"16,638,437 views",11 Jul 2018,399K,4.4K
211,,https://www.youtube.com/watch?v=rfscVS0vtbw,,"16,638,437 views",11 Jul 2018,399K,4.4K
212,,https://www.youtube.com/watch?v=rfscVS0vtbw,,"16,638,437 views",11 Jul 2018,399K,4.4K
213,,https://www.youtube.com/watch?v=rfscVS0vtbw,,"16,638,434 views",11 Jul 2018,399K,4.4K
214,,https://www.youtube.com/watch?v=rfscVS0vtbw,,"16,638,434 views",11 Jul 2018,399K,4.4K
215,,https://www.youtube.com/watch?v=rfscVS0vtbw,,"16,638,434 views",11 Jul 2018,399K,4.4K
216,,https://www.youtube.com/watch?v=rfscVS0vtbw,,"16,638,915 views",11 Jul 2018,399K,4.4K
217,,https://www.youtube.com/watch?v=rfscVS0vtbw,,"16,638,915 views",11 Jul 2018,399K,4.4K
218,,https://www.youtube.com/watch?v=rfscVS0vtbw,,"16,638,915 views",11 Jul 2018,399K,4.4K
219,,https://www.youtube.com/watch?v=Scg59_McA8Q,,"150,291 views",7 Nov 2019,7.3K,248
220,,https://www.youtube.com/watch?v=XrOLiypGDCQ,,"17,568 views",15 Dec 2019,836,11
221,,https://www.youtube.com/watch?v=im1Xkj9gU9s,,"281,051 views",30 Nov 2019,9.1K,382
222,,https://www.youtube.com/watch?v=XOgx6OyGF1Y,,"3,884 views",15 Jul 2020,352,5
223,,https://www.youtube.com/watch?v=Bi7f1JSSlh8,,"78,495 views",10 Sep 2019,2.3K,84
224,,https://www.youtube.com/watch?v=lXvPopmYJ5E,,"1,637 views",Streamed live 16 hours ago,93,3
225,,https://www.youtube.com/watch?v=I74ymkoNTnw,,"698,977 views",20 Feb 2018,35K,921
226,,https://www.youtube.com/watch?v=uOVhmOzX4VE,,"265,920 views",17 Apr 2020,8.3K,311
227,,https://www.youtube.com/watch?v=czVeSFH4dWc,,"48,043 views",16 Jan 2017,541,9
228,,https://www.youtube.com/watch?v=6Hm1pNqQxq0,,"525,062 views",29 Mar 2018,25K,1.1K
229,,https://www.youtube.com/watch?v=63NTeLmDANo,,"1,049,634 views",29 Jul 2017,18K,1.4K
230,,https://www.youtube.com/watch?v=HcqpanDadyQ,,"535,575 views",24 Aug 2017,8.1K,114
231,,https://www.youtube.com/watch?v=9f-GarcDY58,,"432,832 views",29 Aug 2019,9.6K,137
232,,https://www.youtube.com/watch?v=OuPMVdski3E,,"82,555 views",16 Apr 2020,2.9K,33
233,,https://www.youtube.com/watch?v=aircAruvnKk,,"7,359,847 views",5 Oct 2017,187K,1.6K
234,,https://www.youtube.com/watch?v=fSytzGwwBVw,,"241,539 views",24 Apr 2018,7.9K,102
235,,https://www.youtube.com/watch?v=i04Pfrb71vk,,"113,632 views",23 Feb 2015,655,100
236,,https://www.youtube.com/watch?v=5cFUZ03Sbhc,,"803,132 views",21 Feb 2017,7.4K,254
237,,https://www.youtube.com/watch?v=hjh1ikznScg,,"45,585 views",31 Mar 2019,715,25
238,,https://www.youtube.com/watch?v=EIVyQThUrq8,,"190,630 views",9 Jul 2016,6.6K,353
239,,https://www.youtube.com/watch?v=uoifG7TgF2k,,"229,442 views",18 Sep 2019,7.8K,255
240,,https://www.youtube.com/watch?v=f_uwKZIAeM0,,"286,454 views",11 Jan 2017,1.6K,45
241,,https://www.youtube.com/watch?v=k6lYkR0A6iI,,"99,408 views",4 May 2019,2.6K,143
242,,https://www.youtube.com/watch?v=GwIo3gDZCVQ,,"724,841 views",22 Sep 2019,13K,244
243,,https://www.youtube.com/watch?v=VwVg9jCtqaU,,"837,717 views",9 May 2019,18K,235
244,,https://www.youtube.com/watch?v=LCvCLZc_XLc,,219 views,Streamed live 15 hours ago,32,0
245,,https://www.youtube.com/watch?v=vEBYLnHacQM,,"46,479 views",19 Apr 2018,1.5K,41
246,,https://www.youtube.com/watch?v=cyLWtMSry58,,"145,880 views",29 Mar 2020,3.2K,379
247,,https://www.youtube.com/watch?v=iahQOQZVdog,,"10,159 views",15 Jul 2020,200,8
248,,https://www.youtube.com/watch?v=9r2VVM4nfk8,,"11,246 views",21 Jul 2020,956,19
249,,https://www.youtube.com/watch?v=pHiMN_gy9mk,,"36,571 views",Premiered on 12 Jul 2020,2.9K,13
250,,https://www.youtube.com/watch?v=RnFGwxJwx-0,,"313,391 views",13 Feb 2020,9.3K,147
251,,https://www.youtube.com/watch?v=sDv4f4s2SB8,,"271,067 views",5 Feb 2019,7.7K,88
252,,https://www.youtube.com/watch?v=ukzFI9rgwfU,,"1,321,599 views",19 Sep 2018,17K,623
253,,https://www.youtube.com/watch?v=ukzFI9rgwfU,,"1,321,599 views",19 Sep 2018,17K,623
254,,https://www.youtube.com/watch?v=K5YTQSCohbc,,"2,614,009 views",21 Mar 2019,35K,5.7K
255,,https://www.youtube.com/watch?v=K5YTQSCohbc,,"2,614,009 views",21 Mar 2019,35K,5.7K
256,,https://www.youtube.com/watch?v=fhUfRIeRSZE,,"1,365,063 views",24 Dec 2014,24K,500
257,,https://www.youtube.com/watch?v=fhUfRIeRSZE,,"1,365,063 views",24 Dec 2014,24K,500
258,,https://www.youtube.com/watch?v=ISxpTXXZCqc,,"307,833 views",26 Mar 2017,4.1K,238
259,,https://www.youtube.com/watch?v=ISxpTXXZCqc,,"307,833 views",26 Mar 2017,4.1K,238
260,,https://www.youtube.com/watch?v=2tL_0y_R1lE,,"327,699 views",26 Mar 2016,4.1K,343
261,,https://www.youtube.com/watch?v=2tL_0y_R1lE,,"327,699 views",26 Mar 2016,4.1K,343
262,,https://www.youtube.com/watch?v=aEsXspkt4lk,,48 views,24 Jul 2020,12,0
263,,https://www.youtube.com/watch?v=aEsXspkt4lk,,48 views,24 Jul 2020,12,0
264,,https://www.youtube.com/watch?v=DagTKwy2FsA,,"742,178 views",4 Sep 2015,4K,838
265,,https://www.youtube.com/watch?v=DagTKwy2FsA,,"742,178 views",4 Sep 2015,4K,838
266,,https://www.youtube.com/watch?v=BAD-9SkknWo,,"21,356 views",24 Jul 2019,286,54
267,,https://www.youtube.com/watch?v=BAD-9SkknWo,,"21,356 views",24 Jul 2019,286,54
268,,https://www.youtube.com/watch?v=3tm4aUZazDI,,"15,773 views",12 Jun 2019,102,20
269,,https://www.youtube.com/watch?v=3tm4aUZazDI,,"15,773 views",12 Jun 2019,102,20
270,,https://www.youtube.com/watch?v=DtISPzRn0fc,,"902,155 views",28 Nov 2017,21K,841
271,,https://www.youtube.com/watch?v=DtISPzRn0fc,,"902,155 views",28 Nov 2017,21K,841
272,,https://www.youtube.com/watch?v=1rNAIB0qjAQ,,"438,908 views",9 Mar 2018,5.8K,939
273,,https://www.youtube.com/watch?v=1rNAIB0qjAQ,,"438,908 views",9 Mar 2018,5.8K,939
274,,https://www.youtube.com/watch?v=e4PTvXtz4GM,,"20,943,884 views",8 Apr 2013,367K,9.5K
275,,https://www.youtube.com/watch?v=e4PTvXtz4GM,,"20,943,884 views",8 Apr 2013,367K,9.5K
276,,https://www.youtube.com/watch?v=x-Qw394_uRc,,"646,381 views",4 Jun 2018,9.6K,676
277,,https://www.youtube.com/watch?v=x-Qw394_uRc,,"646,381 views",4 Jun 2018,9.6K,676
278,,https://www.youtube.com/watch?v=VLX59t9yUwY,,"21,301 views",11 Jun 2020,650,22
279,,https://www.youtube.com/watch?v=VLX59t9yUwY,,"21,301 views",11 Jun 2020,650,22
280,,https://www.youtube.com/watch?v=vUM7VnqWz5Q,,"112,050 views",23 Feb 2020,LIKE,DISLIKE
281,,https://www.youtube.com/watch?v=vUM7VnqWz5Q,,"112,050 views",23 Feb 2020,LIKE,DISLIKE
282,,https://www.youtube.com/watch?v=a2hMZPBqtog,,"33,656 views",21 Apr 2020,857,76
283,,https://www.youtube.com/watch?v=a2hMZPBqtog,,"33,656 views",21 Apr 2020,857,76
284,,https://www.youtube.com/watch?v=ZcmtlE4J-94,,"1,176,408 views",14 Jun 2018,22K,2.9K
285,,https://www.youtube.com/watch?v=ZcmtlE4J-94,,"1,176,408 views",14 Jun 2018,22K,2.9K
286,,https://www.youtube.com/watch?v=3tkDfNuJS3A,,"88,910 views",25 Apr 2020,1.6K,179
287,,https://www.youtube.com/watch?v=3tkDfNuJS3A,,"88,910 views",25 Apr 2020,1.6K,179
288,,https://www.youtube.com/watch?v=_KomtGXzT3o,,"12,277 views",16 Nov 2017,199,2
289,,https://www.youtube.com/watch?v=AXPnz3iebkM,,"4,815 views",23 Jul 2020,390,4
290,,https://www.youtube.com/watch?v=6_0-uEgEcI0,,"1,862,906 views",13 Sep 2018,8.5K,2K
291,,https://www.youtube.com/watch?v=SYPUiDvObVA,,"5,443 views",8 Jul 2020,278,12
292,,https://www.youtube.com/watch?v=xW5xMJ7T3QM,,"54,160 views",24 Apr 2020,1.5K,279
293,,https://www.youtube.com/watch?v=ndxUg-sG2BM,,"505,837 views",7 Apr 2019,8.2K,691
294,,https://www.youtube.com/watch?v=FJliMTWEOfs,,"94,987 views",20 Jul 2020,463,210
295,,https://www.youtube.com/watch?v=PAc5ToNhGNw,,"8,166,563 views",Premiered on 25 May 2019,124K,13K
296,,https://www.youtube.com/watch?v=g2KsVwli6mY,,,,,
297,,https://www.youtube.com/watch?v=NeZFiSTsc4A,,"572,264 views",10 Dec 2017,14K,873
298,,https://www.youtube.com/watch?v=kvymoFdjuHw,,"49,602,685 views",7 Mar 2019,1.1M,29K
299,,https://www.youtube.com/watch?v=lAEeQSh_3Wk,,"118,956 views",22 Aug 2018,2.6K,137
300,,https://www.youtube.com/watch?v=tHZLXbRHcU0,,"4,990 views",23 Jul 2020,102,19
301,,https://www.youtube.com/watch?v=oDA8j4sqzLE,,148 views,24 Jul 2020,16,1
302,,https://www.youtube.com/watch?v=STkGAMU4xKE,,"59,795 views",30 Jul 2018,981,170
303,,https://www.youtube.com/watch?v=HtOvoKE_vT0,,"1,560,683 views",1 May 2018,21K,3.5K
304,,https://www.youtube.com/watch?v=C2R2XAMlqrc,,"240,048 views",22 Oct 2017,592,265
305,,https://www.youtube.com/watch?v=PGTDuChxyPY,,"418,541 views",17 Mar 2017,4.2K,348
306,,https://www.youtube.com/watch?v=Tm4f0lXPlgA,,"607,145 views",23 Apr 2019,15K,747
307,,https://www.youtube.com/watch?v=4gDJBEyxiMQ,,"13,578 views",25 Mar 2020,195,34
308,,https://www.youtube.com/watch?v=2xRErv9OT_s,,"1,518,638 views",28 Jun 2017,10K,1.7K
309,,https://www.youtube.com/watch?v=4semdEFL4Gk,,"13,919 views",26 Jun 2020,824,18
310,,https://www.youtube.com/watch?v=OQ3zhkkEwRg,,"22,808 views",24 Dec 2019,167,52
311,,https://www.youtube.com/watch?v=bYYtAuwP_P8,,"246,042 views",6 Mar 2019,6.2K,1.2K
312,,https://www.youtube.com/watch?v=3Px3rp0oW1k,,"19,067 views",8 Jul 2020,486,47
313,,https://www.youtube.com/watch?v=lAq51HO_o50,,"739,920 views",19 Dec 2019,25K,1.1K
314,,https://www.youtube.com/watch?v=Z5Vvpn-awnY,,"501,472 views",8 Jun 2020,30K,1K
315,,https://www.youtube.com/watch?v=kOGGCGAb2d4,,"755,431 views",13 Nov 2018,10K,638
316,,https://www.youtube.com/watch?v=mciEZKSvva8,,"190,299 views",24 Jul 2020,22K,457
317,,https://www.youtube.com/watch?v=RQ7n7Uebw6Y,,"64,059 views",13 Jul 2020,2.5K,313
318,,https://www.youtube.com/watch?v=LMrP-uK_SAo,,"895,097 views",12 Apr 2019,33K,3.1K
319,,https://www.youtube.com/watch?v=zHtg-nAhDoE,,"232,164 views",5 Jun 2020,2.9K,136
320,,https://www.youtube.com/watch?v=FfunUnpwX34,,"20,453 views",18 Jul 2020,1K,96
321,,https://www.youtube.com/watch?v=WLP_L7Mgz6M,,"5,313,011 views",29 Jan 2020,243K,4.5K
322,,https://www.youtube.com/watch?v=4V3uB12mRrU,,"1,153,421 views",12 Jul 2020,52K,669
323,,https://www.youtube.com/watch?v=jU9ad2C0EDI,,"286,040 views",8 Jul 2020,9.7K,227
324,,https://www.youtube.com/watch?v=s-devXZPSyQ,,329 views,24 Jul 2020,29,6
325,,https://www.youtube.com/watch?v=xfGEW2AhgOU,,"325,101 views",4 May 2020,25K,973
326,,https://www.youtube.com/watch?v=Xz50kbJ0hXY,,"30,294 views",22 Jul 2020,1.7K,101
327,,https://www.youtube.com/watch?v=3xX997E42Ro,,"1,264,015 views",12 Jan 2020,91K,1.8K
328,,https://www.youtube.com/watch?v=vg-96Got_PA,,"96,642 views",6 Jul 2020,1.7K,520
329,,https://www.youtube.com/watch?v=k_GM1JA608Y,,"28,462,559 views",23 Apr 2017,289K,18K
330,,https://www.youtube.com/watch?v=_jHeXEJseBk,,"2,899 views",21 Jul 2020,159,5
331,,https://www.youtube.com/watch?v=yxZQPcMTdJw,,"473,356 views",22 Jun 2020,29K,1.2K
332,,https://www.youtube.com/watch?v=JKAuJma-ulY,,"601,821 views",12 May 2017,21K,500
333,,https://www.youtube.com/watch?v=MljYZi1IcWw,,"331,278 views",2 Jul 2020,13K,524
334,,https://www.youtube.com/watch?v=dxPhJ0wfp0g,,"85,022 views",13 Jun 2020,5.4K,378
335,,https://www.youtube.com/watch?v=-erBfpPiPZU,,"2,409,613 views",10 Aug 2019,91K,6.6K
336,,https://www.youtube.com/watch?v=sJK67XXE_Rg,,"3,762,882 views",19 May 2019,61K,2.5K
337,,https://www.youtube.com/watch?v=eaR3DhAqkKs,,"584,341 views",5 May 2020,23K,1K
338,,https://www.youtube.com/watch?v=s9jS1c4H5lk,,"39,677 views",24 Jul 2020,3.2K,58
339,,https://www.youtube.com/watch?v=ULNR__vpCMo,,"823,004 views",21 Jun 2019,33K,1.8K
340,,https://www.youtube.com/watch?v=dTFnq_wJiZw,,"11,893 views",24 Jul 2020,1.1K,71
341,,https://www.youtube.com/watch?v=d3FGcit43-o,,"12,966 views",13 Jul 2020,227,22
342,,https://www.youtube.com/watch?v=eFV2RpM8Sbs,,"8,565 views",7 Jul 2020,228,35
343,,https://www.youtube.com/watch?v=33x46RxbYhA,,"64,841 views",26 May 2020,2.9K,192
344,,https://www.youtube.com/watch?v=3yrP7klBO1I,,"31,908 views",Premiered on 14 Jul 2020,1.2K,104
345,,https://www.youtube.com/watch?v=Iw_dbGdkkSw,,"3,600 views",17 Jul 2020,LIKE,DISLIKE
346,,https://www.youtube.com/watch?v=RdqoaSuUcFo,,"1,248 views",21 Jul 2020,96,4
347,,https://www.youtube.com/watch?v=fidTuLfFsq8,,"1,130,504 views",12 Mar 2020,27K,2K
348,,https://www.youtube.com/watch?v=aK9ZmRaROoc,,"120,684 views",9 Jun 2020,4.1K,422
349,,https://www.youtube.com/watch?v=-lCQMFC2D5Q,,"345,157 views",23 May 2020,7.6K,279
350,,https://www.youtube.com/watch?v=1jgHbGBb_Cc,,"2,141 views",21 Jul 2020,70,24
351,,https://www.youtube.com/watch?v=c96uKMSz5HQ,,"189,793 views",11 Jul 2020,7.4K,177
352,,https://www.youtube.com/watch?v=UuJS5QJpxmA,,"2,943 views",11 Jul 2020,LIKE,DISLIKE
353,,https://www.youtube.com/watch?v=j5TMxX3wssk,,"115,684 views",25 May 2020,4.6K,201
354,,https://www.youtube.com/watch?v=HBT412342uw,,"5,420,368 views",6 Mar 2020,79K,18K
355,,https://www.youtube.com/watch?v=Y8Tko2YC5hA,,"677,694 views",22 Oct 2018,23K,285
356,,https://www.youtube.com/watch?v=y3qZFu3gmYE,,"3,933 views",20 Jul 2020,260,1
357,,https://www.youtube.com/watch?v=XLnimroGCIg,,"196,417 views",20 Dec 2019,6.9K,91
358,,https://www.youtube.com/watch?v=T936yTchDck,,"349,640 views",14 Jun 2020,10K,267
359,,https://www.youtube.com/watch?v=9e_hOnOvJOE,,"2,709 views",Streamed live on 23 Jul 2020,154,7
360,,https://www.youtube.com/watch?v=4F2m91eKmts,,"1,387,107 views",Premiered on 21 Dec 2019,84K,1.5K
361,,https://www.youtube.com/watch?v=piTMNBINGKA,,"6,719,681 views",29 Apr 2020,19K,8.7K
362,,https://www.youtube.com/watch?v=HIj8wU_rGIU,,"513,538 views",Streamed live on 25 Feb 2020,14K,582
363,,https://www.youtube.com/watch?v=WGJJIrtnfpk,,"1,466,728 views",1 Dec 2019,31K,619
364,,https://www.youtube.com/watch?v=pJ3IPRqiD2M,,"2,328,996 views",16 Aug 2019,79K,1.6K
365,,https://www.youtube.com/watch?v=J0Aq44Pze-w,,"78,973 views",25 Feb 2019,1.7K,15
366,,https://www.youtube.com/watch?v=k9TUPpGqYTo,,"656,195 views",17 May 2017,14K,82
367,,https://www.youtube.com/watch?v=76vTbQ5Wf-A,,"114,928 views",4 Jul 2020,2.4K,93
368,,https://www.youtube.com/watch?v=YYXdXT2l-Gg,,"1,360,423 views",17 May 2017,14K,154
369,,https://www.youtube.com/watch?v=Eijmv78piU4,,"4,694 views",Streamed live on 21 Jul 2020,171,4
370,,https://www.youtube.com/watch?v=XGf2GcyHPhc,,"610,891 views",6 Nov 2019,17K,141
371,,https://www.youtube.com/watch?v=kLZuut1fYzQ,,"2,386,983 views",22 Jun 2018,70K,1K
372,,https://www.youtube.com/watch?v=PAPG8NI0iUI,,"53,462 views",22 Jul 2020,5K,59
373,,https://www.youtube.com/watch?v=A32HF0SsEzI,,"13,657 views",Streamed live 16 hours ago,2.2K,12
374,,https://www.youtube.com/watch?v=t5Nmi9KDonw,,"217,470 views",16 Dec 2019,6K,81
375,,https://www.youtube.com/watch?v=m_0UMFNOTTA,,"521,441 views",22 Dec 2017,25K,1.7K
376,,https://www.youtube.com/watch?v=SPOWikw5N78,,"8,551 views",Streamed live on 23 Jul 2020,2.1K,17
377,,https://www.youtube.com/watch?v=Ne4awwvc988,,"6,969 views",Streamed live on 21 Jul 2020,246,13
378,,https://www.youtube.com/watch?v=wMBDuxHahdE,,"8,840 views",Streamed live 21 hours ago,2K,8
379,,https://www.youtube.com/watch?v=417ANPkqMug,,"10,024,658 views",11 May 2018,31K,17K
380,,https://www.youtube.com/watch?v=iE7BpqtfgYA,,"15,759,836 views",18 Jul 2019,42K,12K
381,,https://www.youtube.com/watch?v=aHaOIvR00So,,"596,691 views",21 Jul 2019,8.6K,168
382,,https://www.youtube.com/watch?v=8DvywoWv6fI,,"1,403,300 views",2 May 2019,44K,385
383,,https://www.youtube.com/watch?v=cRELNmDpaks,,"78,934 views",26 Jun 2019,2.1K,22
384,,https://www.youtube.com/watch?v=iSQH-yZCQ9E,,"13,398 views",Streamed live on 23 Jul 2020,1K,29
385,,https://www.youtube.com/watch?v=ihk_Xglr164,,"925,237 views",27 Jul 2019,32K,1K
386,,https://www.youtube.com/watch?v=3dy_PYF9xOI,,"397,926 views",25 Sep 2019,18K,295
387,,https://www.youtube.com/watch?v=4pFVZP9Yh3s,,"646,284 views",1 Jun 2020,6.8K,541
388,,https://www.youtube.com/watch?v=WViqKHq96mw,,"50,616,144 views",13 Jan 2018,179K,32K
389,,https://www.youtube.com/watch?v=_tLHRCTagZE,,"452,868 views",21 Jan 2019,2.2K,282
390,,https://www.youtube.com/watch?v=pA40VH8SoqM,,"35,076,862 views",21 Jul 2019,LIKE,DISLIKE
391,,https://www.youtube.com/watch?v=APF04UhQEoE,,"14,724,098 views",19 Mar 2018,35K,7.5K
392,,https://www.youtube.com/watch?v=kj25OQ20GFI,,"77,424 views",22 Jan 2018,241,71
393,,https://www.youtube.com/watch?v=M91TUimxJnc,,"15,932,865 views",23 Jan 2020,42K,13K
394,,https://www.youtube.com/watch?v=rMcXfgVBhkY,,"697,965 views",18 Jun 2020,2.4K,1.1K
395,,https://www.youtube.com/watch?v=yXzPLOVrvcM,,"57,513,708 views",27 Aug 2019,95K,56K
396,,https://www.youtube.com/watch?v=_zNfsL0R9CU,,"10,506,430 views",17 Feb 2020,30K,13K
397,,https://www.youtube.com/watch?v=2m3X9NtLVzg,,"94,846,743 views",19 Nov 2016,240K,63K
398,,https://www.youtube.com/watch?v=TCNWp9rjDsQ,,"730,400 views",Premiered on 19 May 2020,22K,835
399,,https://www.youtube.com/watch?v=qyZTQUNgv4Q,,"18,240,804 views",27 Sep 2017,37K,9.3K
400,,https://www.youtube.com/watch?v=DgQcrUZNuxg,,"1,803,711 views",30 Jun 2017,7.9K,1.5K
401,,https://www.youtube.com/watch?v=fEZ1S7RwD6k,,"5,899,413 views",21 Jan 2018,23K,3.4K
402,,https://www.youtube.com/watch?v=ZW5gp0IKag4,,"17,607,893 views",16 Aug 2018,48K,12K
403,,https://www.youtube.com/watch?v=sF9doyJbFLk,,"46,352,923 views",17 Oct 2019,270K,39K
404,,https://www.youtube.com/watch?v=59P4JmAexnc,,"9,816,660 views",31 Oct 2019,41K,4.9K
405,,https://www.youtube.com/watch?v=x8Z0PcwOI_c,,"1,139,115 views",3 Mar 2019,6K,1.4K
406,,https://www.youtube.com/watch?v=Rm-x4maMAks,,"3,534,106 views",21 Dec 2019,46K,1.3K
407,,https://www.youtube.com/watch?v=SUKDey0-7bs,,"7,922,305 views",22 May 2014,9K,2.6K
408,,https://www.youtube.com/watch?v=mVPoHpazkVM,,"342,847 views",22 Apr 2020,1.5K,380
409,,https://www.youtube.com/watch?v=Q7bzLQlXBj4,,"304,287 views",28 Mar 2020,1.6K,256
410,,https://www.youtube.com/watch?v=Snz0VAwJXY4,,"4,319,619 views",30 Jan 2020,13K,2.9K
411,,https://www.youtube.com/watch?v=lX9SDbhnYYU,,"48,216,246 views",21 Jan 2020,161K,25K
412,,https://www.youtube.com/watch?v=Sd6KIQrJ_xk,,"658,794 views",7 Apr 2020,3.8K,570
413,,https://www.youtube.com/watch?v=wra5-39LDcI,,"2,431,900 views",6 Oct 2018,12K,2.8K
414,,https://www.youtube.com/watch?v=UDxyybahXlc,,"65,573,553 views",29 Apr 2019,216K,41K
415,,https://www.youtube.com/watch?v=qK-ZIGcFr6k,,"350,681 views",6 Jun 2019,1K,207
416,,https://www.youtube.com/watch?v=TKybm_hdKTA,,"8,816,249 views",21 Jan 2020,29K,4.5K
417,,https://www.youtube.com/watch?v=Az3URMqIGtY,,"13,121,211 views",21 Jun 2017,LIKE,DISLIKE
418,,https://www.youtube.com/watch?v=tJ4hzj-iX38,,"10,915,529 views",11 Aug 2016,30K,8.1K
419,,https://www.youtube.com/watch?v=X9llqhaclPw,,"411,859 views",14 May 2020,2K,357
420,,https://www.youtube.com/watch?v=ItGtzbLud8w,,"23,089,693 views",20 Jan 2017,73K,8.4K
421,,https://www.youtube.com/watch?v=gP0xoRrf8i0,,"4,791,869 views",24 May 2019,31K,2.2K
422,,https://www.youtube.com/watch?v=JWqaTJbxbW0,,"23,908,624 views",8 Mar 2013,64K,9.9K
423,,https://www.youtube.com/watch?v=MWa3acAMddA,,"1,506,270 views",16 Jan 2015,4K,886
424,,https://www.youtube.com/watch?v=LDZX4ooRsWs,,"944,169,202 views",19 Aug 2014,5M,1.6M
425,,https://www.youtube.com/watch?v=qgXY51Cx6iI,,"8,686,516 views",22 Jun 2018,54K,16K
426,,https://www.youtube.com/watch?v=afSsw6WSwls,,"1,673,154 views",25 Mar 2019,4.9K,863
427,,https://www.youtube.com/watch?v=iLDtdo4weKw,,"90,793,818 views",27 Oct 2018,166K,62K
428,,https://www.youtube.com/watch?v=vzabDtXvsUI,,"4,066,835 views",2 Apr 2020,34K,2.8K
429,,https://www.youtube.com/watch?v=XcxwOVNyfFY,,"84,542,027 views",28 Aug 2019,246K,79K
430,,https://www.youtube.com/watch?v=CGres9g0DTE,,"11,111,455 views",9 Jan 2020,40K,7.5K
431,,https://www.youtube.com/watch?v=cNa3ZxKt0WA,,"35,645,261 views",7 Jul 2018,104K,43K
432,,https://www.youtube.com/watch?v=lYn39NnSbGU,,"701,060 views",18 Feb 2020,5.8K,860
433,,https://www.youtube.com/watch?v=a-VCL7U_JEA,,"461,788 views",23 Mar 2020,5K,640
434,,https://www.youtube.com/watch?v=pKSPj-_WLtE,,"45,925,871 views",21 Dec 2018,113K,38K
435,,https://www.youtube.com/watch?v=7nQhWhI89kQ,,"1,068,639 views",30 Mar 2020,5.4K,2.3K
436,,https://www.youtube.com/watch?v=7nQhWhI89kQ,,"1,068,639 views",30 Mar 2020,5.4K,2.3K
437,,https://www.youtube.com/watch?v=7nQhWhI89kQ,,"1,068,639 views",30 Mar 2020,5.4K,2.3K
438,,https://www.youtube.com/watch?v=7nQhWhI89kQ,,"1,068,639 views",30 Mar 2020,5.4K,2.3K
439,,https://www.youtube.com/watch?v=2bnTz--tfpQ,,"51,632,455 views",27 Aug 2018,271K,72K
440,,https://www.youtube.com/watch?v=2bnTz--tfpQ,,"51,632,455 views",27 Aug 2018,271K,72K
441,,https://www.youtube.com/watch?v=2bnTz--tfpQ,,"51,632,455 views",27 Aug 2018,271K,72K
442,,https://www.youtube.com/watch?v=2bnTz--tfpQ,,"51,632,455 views",27 Aug 2018,271K,72K
443,,https://www.youtube.com/watch?v=8c_4nn447Fo,,"248,148 views",Premiered 22 hours ago,26K,580
444,,https://www.youtube.com/watch?v=n2dcP5ucfeU,,"4,958,535 views",13 Jun 2017,11K,5K
445,,https://www.youtube.com/watch?v=EfAiS0VX-Es,,"39,999,202 views",8 Feb 2018,70K,40K
446,,https://www.youtube.com/watch?v=FK3dav4bA4s,,"1,928,780 views",8 Feb 2019,19K,1K
447,,https://www.youtube.com/watch?v=8v6BWMvEoBo,,"8,662,817 views",29 Aug 2018,17K,8.4K
448,,https://www.youtube.com/watch?v=_UbDeqPdUek,,"69,813,971 views",26 Aug 2015,439K,27K
449,,https://www.youtube.com/watch?v=RXHKxmgBd7s,,"87,062,345 views",7 Jul 2017,176K,93K
450,,https://www.youtube.com/watch?v=xmU0s2QtaEY,,"842,330,939 views",20 Nov 2017,3.2M,426K
451,,https://www.youtube.com/watch?v=rMs06PfdJlU,,"676,223 views",23 May 2020,5.2K,1.3K
452,,https://www.youtube.com/watch?v=rMs06PfdJlU,,"676,223 views",23 May 2020,5.2K,1.3K
453,,https://www.youtube.com/watch?v=rMs06PfdJlU,,"676,223 views",23 May 2020,5.2K,1.3K
454,,https://www.youtube.com/watch?v=rMs06PfdJlU,,"676,223 views",23 May 2020,5.2K,1.3K
455,,https://www.youtube.com/watch?v=xeqJU7PLseg,,"69,465,298 views",18 Feb 2020,584K,74K
456,,https://www.youtube.com/watch?v=SAcpESN_Fk4,,"634,390,631 views",2 Dec 2017,2.7M,252K
457,,https://www.youtube.com/watch?v=-Xw21JYIXjM,,"13,811,754 views",13 Nov 2019,42K,12K
458,,https://www.youtube.com/watch?v=eqxTdSybKww,,"44,697,845 views",9 Jan 2019,127K,54K
459,,https://www.youtube.com/watch?v=A5pSnIwbpaM,,"184,573,464 views",27 Dec 2012,703K,50K
460,,https://www.youtube.com/watch?v=1UpAV2byuGg,,696 views,23 Jul 2020,26,0
461,,https://www.youtube.com/watch?v=uFcZhH_wFbs,,"8,962,590 views",3 Aug 2018,47K,9.3K
462,,https://www.youtube.com/watch?v=uFcZhH_wFbs,,"8,962,590 views",3 Aug 2018,47K,9.3K
463,,https://www.youtube.com/watch?v=uFcZhH_wFbs,,"8,962,682 views",3 Aug 2018,47K,9.3K
464,,https://www.youtube.com/watch?v=uFcZhH_wFbs,,"8,962,682 views",3 Aug 2018,47K,9.3K
465,,https://www.youtube.com/watch?v=xwidefc2wpc,,"67,861,459 views",25 Sep 2013,196K,27K
466,,https://www.youtube.com/watch?v=6xeChrdyxJE,,"48,981,693 views",10 Oct 2018,118K,41K
467,,https://www.youtube.com/watch?v=kXmqwRj0o4E,,"5,458,527 views",15 Feb 2013,17K,2.9K
468,,https://www.youtube.com/watch?v=xIgBDHXrfNg,,"792,666 views",21 Jul 2020,15K,1.2K
469,,https://www.youtube.com/watch?v=mDKLfCCoqvw,,"168,865 views",22 Jul 2020,2K,239
470,,https://www.youtube.com/watch?v=atTF_LtPUes,,"156,205 views",19 Jul 2020,995,77
471,,https://www.youtube.com/watch?v=TeCkm-BEZ-8,,"9,620,691 views",4 Jun 2015,106K,2.3K
472,,https://www.youtube.com/watch?v=D1KaD1u0z34,,"149,133 views",10 Mar 2020,2K,117
473,,https://www.youtube.com/watch?v=bOx--_Qphs0,,"475,761 views",Streamed live 16 hours ago,4K,225
474,,https://www.youtube.com/watch?v=5YU4lLxi0go,,"3,952,914 views",13 Aug 2019,33K,1K
475,,https://www.youtube.com/watch?v=sBtYhhsFGwg,,"5,203,071 views",11 Aug 2019,61K,2.6K
476,,https://www.youtube.com/watch?v=jenVMnOi2uA,,"20,912,339 views",1 Mar 2020,690K,10K
477,,https://www.youtube.com/watch?v=c8i0hjegneY,,"262,337,261 views",27 Nov 2016,614K,199K
478,,https://www.youtube.com/watch?v=68JOgtt15Zs,,"60,802,894 views",15 May 2017,205K,133K
479,,https://www.youtube.com/watch?v=hwC3gIbfcWs,,"1,762,097 views",6 Jul 2020,LIKE,DISLIKE
480,,https://www.youtube.com/watch?v=kOJrmrSevKM,,"5,047 views",Premiered on 8 Jul 2020,72,8
481,,https://www.youtube.com/watch?v=10ZTTyTziYw,,"15,241 views",5 Jul 2020,161,9
482,,https://www.youtube.com/watch?v=Tx4wYi2S0Go,,"280,385 views",24 Jul 2020,LIKE,DISLIKE
483,,https://www.youtube.com/watch?v=yoecv7Noq1A,,"5,673,030 views",30 May 2019,56K,3.9K
484,,https://www.youtube.com/watch?v=h0CC8PwxsXw,,"616,569 views",6 Sep 2019,3.4K,227
485,,https://www.youtube.com/watch?v=DXUAyRRkI6k,,"255,882,602 views",9 Nov 2013,854K,390K
486,,https://www.youtube.com/watch?v=9Ciyd4AggzI,,"8,811,456 views",19 Mar 2019,107K,3.3K
487,,https://www.youtube.com/watch?v=IkvIKjzF7YE,,"876,817 views",9 Jul 2020,LIKE,DISLIKE
488,,https://www.youtube.com/watch?v=cp2GLUrQ2lc,,"16,696 views",Premiered on 10 Jul 2020,294,9
489,,https://www.youtube.com/watch?v=B1QZLyQh-Ss,,"22,618,086 views",23 Jan 2019,60K,27K
490,,https://www.youtube.com/watch?v=7al0I1w1LcQ,,"43,343 views",24 Jul 2020,5.9K,18
491,,https://www.youtube.com/watch?v=-olqqcTBbAI,,"676,625 views",21 Jul 2020,2.9K,313
492,,https://www.youtube.com/watch?v=4BPhSCEeymc,,"315,069 views",24 Jul 2020,LIKE,DISLIKE
493,,https://www.youtube.com/watch?v=sPyAQQklc1s,,"19,192,666 views",19 Jun 2017,108K,9.8K
494,,https://www.youtube.com/watch?v=GibiNy4d4gc,,"190,201,670 views",25 Sep 2014,668K,60K
495,,https://www.youtube.com/watch?v=a5V6gdu5ih8,,"49,723,084 views",26 Nov 2018,415K,10K
496,,https://www.youtube.com/watch?v=dJU9ZkPorDE,,"62,032 views",Premiered on 28 May 2020,428,43
497,,https://www.youtube.com/watch?v=lQHwkN_VQQM,,"2,120,618 views",20 Aug 2017,14K,947
498,,https://www.youtube.com/watch?v=Y-UGS6op5xo,,"22,711 views",10 Jul 2020,368,24
499,,https://www.youtube.com/watch?v=OMkEVX23BdM,,"1,082,143 views",16 Dec 2017,8.8K,483
500,,https://www.youtube.com/watch?v=ODhSu5t9080,,"104,216 views",Premiered on 26 Jun 2020,832,81
501,,https://www.youtube.com/watch?v=Z8hI5uqpy_w,,"1,792,859 views",3 Mar 2020,10K,1.2K
502,,https://www.youtube.com/watch?v=xOleukLZJ5g,,"6,008 views",Premiered on 10 Jul 2020,137,8
503,,https://www.youtube.com/watch?v=HoRkntoHkIE,,"75,804,154 views",2 Aug 2012,600K,12K
504,,https://www.youtube.com/watch?v=nmhQhByH1nY,,"5,504,386 views",12 Dec 2014,21K,2.6K
505,,https://www.youtube.com/watch?v=_8WPqqzMoX0,,"99,300,284 views",13 May 2020,436K,203K
506,,https://www.youtube.com/watch?v=v2AT7oSGZbQ,,"44,174,450 views",12 Apr 2019,654K,7.3K
507,,https://www.youtube.com/watch?v=LzPPAw5tnqs,,"10,565,704 views",26 Feb 2011,87K,1.8K
508,,https://www.youtube.com/watch?v=Y5SBhyk-1cA,,"141,019 views",22 Jul 2020,LIKE,DISLIKE
509,,https://www.youtube.com/watch?v=88iKZQ7D6Mo,,"68,831,480 views",12 Aug 2018,246K,55K
510,,https://www.youtube.com/watch?v=q-SdZe-cEFk,,"367,584 views",23 Jul 2020,71K,1K
511,,https://www.youtube.com/watch?v=dcHWmDQYzyU,,"1,399,206 views",12 Jun 2020,17K,1.5K
512,,https://www.youtube.com/watch?v=lbSOLBMUvIE,,"96,520,416 views",26 Oct 2009,423K,10K
513,,https://www.youtube.com/watch?v=ZmF8_g5H8fg,,"24,229,052 views",8 May 2020,123K,55K
514,,https://www.youtube.com/watch?v=Vr2FLgmWCJA,,"6,390,592 views",Streamed live on 18 Apr 2020,164K,3.5K