,Video Link,Video Title
0,https://www.youtube.com/watch?v=bWWTk-pZX5g,8 fiction books you need to readüìö(& that will keep you entertained during your quarantine)
1,https://www.youtube.com/watch?v=gyK9USvrvDQ,Top 10 BEST SELLING Books In History
2,https://www.youtube.com/watch?v=GihybX7JyG4,(Full Audiobook) This Book Will Change Everything! (Amazing!)
3,https://www.youtube.com/watch?v=4f2OCYaqLdE,I Read Every Book Joe from You Recommended
4,https://www.youtube.com/watch?v=imA5NPX4ucU,SUPER BIG BOOKHAUL aka *leo has a book buying problem *‚ú®üìö
5,https://www.youtube.com/watch?v=QgU1zoZJQDM,Rock Bottom Remainders support the Book Industry Charitable Foundation
6,https://www.youtube.com/watch?v=zAS1nXFqBM8,15 Books Steve Jobs Thought Everyone Should Read
7,https://www.youtube.com/watch?v=Dk9mcJtIuCs,15 Business Books Everyone Should Read
8,https://www.youtube.com/watch?v=THtKW5hy3u4,20 books to read in 2020
9,https://www.youtube.com/watch?v=eTFy8RnUkoU,How Bill Gates reads books
10,https://www.youtube.com/watch?v=a47dqygseGo,15 Books Bill Gates Thinks Everyone Should Read
11,https://www.youtube.com/watch?v=6Gw5dK48MtI,"Why books are here to stay | Small Thing Big Idea, a TED series"
12,https://www.youtube.com/watch?v=2pWCyUys6lM,15 Books JORDAN PETERSON Thinks Everyone Should Read
13,https://www.youtube.com/watch?v=v9TDLenqbzM,SAVE ONE DROP ONE: BOOK EDITION
14,https://www.youtube.com/watch?v=pNar3Dh9zDk,I read 721 books in 2018
15,https://www.youtube.com/watch?v=XuXhqIsb2sk,5 Books That Changed My Life
16,https://www.youtube.com/watch?v=wJdNrCeUdhc,Can You Name a Book? ANY Book???
17,https://www.youtube.com/watch?v=osqNn_9HdgU,World's Best Life Changing Book - By Sandeep Maheshwari | Hindi
18,https://www.youtube.com/watch?v=lviVCr1dK1o,How To Improve English By Reading Books - Speak Fluently in English in 30 days - Day 17
19,https://www.youtube.com/watch?v=8tKuviI68Ss,How I Read 100 Books a Year - 8 Tips for Reading More
20,https://www.youtube.com/watch?v=EcHXbIp1AEw,READ-A-THON READING VLOG: 3 Books & 700 Pages!
21,https://www.youtube.com/watch?v=dKAixirAIVk,9 Books Every Aspiring Millionaire Must Read
22,https://www.youtube.com/watch?v=dv4zUPs2JQc,Favourite Books by Indian Authors || Best Indian Books to Read
23,https://www.youtube.com/watch?v=xeUWvnHXikQ,The best books to read that we should be reading - Jordan Peterson
24,https://www.youtube.com/watch?v=8H9jTlrpl4s,11 Books for Beginners || Book Recommendations For All Types of People
25,https://www.youtube.com/watch?v=sm9pNiYpiDY,Napoleon Hill's THINK and GROW RICH Book Summary by 2000 Books
26,https://www.youtube.com/watch?v=lIW5jBrrsS0,BOOKSTORES: How to Read More Books in the Golden Age of Content
27,https://www.youtube.com/watch?v=K5oyGK7YCBk,5 Books You Must Read in 2020 If You Hate Reading | Life Changing Books | ChetChat
28,https://www.youtube.com/watch?v=dIrrROL2pRE,5 Books You Must Read! Gaur Gopal Das
29,https://www.youtube.com/watch?v=lb8jeSp77dY,Meri Book Recommendations & Collection
30,https://www.youtube.com/watch?v=JNib3HUCg2M,15 Best Books to Get Rich
31,https://www.youtube.com/watch?v=ll2C2J6Q3SY,How To Read a Book a Week | Jim Kwik
32,https://www.youtube.com/watch?v=u7OAMv-XfKs,MAKING CHILDREN'S BOOKS | an easy tutorial | Part One
33,https://www.youtube.com/watch?v=-f0NzGe6AqM,Earn Money Online from Books | ‡§ò‡§∞ ‡§¨‡•à‡§†‡•á ‡§ï‡§Æ‡§æ‡§ì ‡§ï‡§ø‡§§‡§æ‡§¨‡•ã‡§Ç ‡§∏‡•á | by Him eesh Madaan
34,https://www.youtube.com/watch?v=OeZAn0GcUow,I Read A Book A Week (Here's What Happened)
35,https://www.youtube.com/watch?v=pm8oXab3zSk,How to Read More Books (And How Not to)
36,https://www.youtube.com/watch?v=6Zu6cw5UjSg,"7 Books You Must Read If You Want More Success, Happiness and Peace"
37,https://www.youtube.com/watch?v=4AW54-7UUE0,Recommending Books For Every Genre I Read [CC]
38,https://www.youtube.com/watch?v=fhbZT0Dpipc,5 Books YOU SHOULD READ THIS YEAR For Self Improvement
39,https://www.youtube.com/watch?v=69z122eUdDc,"Mann (1999) (HD & Eng Subs) - Aamir Khan, Manisha Koirala, Anil Kapoor- Hit Bollywood Romantic Movie"
40,https://www.youtube.com/watch?v=SJaY_kiXBzY,DIY - How To Make Excavator Transport with Magnetic Balls (Satisfying) | Magnetic Man 4K
41,https://www.youtube.com/watch?v=ZkIIAiqDGJ0,"Mann Jukebox - Full Album Songs | Aamir, Manisha, Sanjeev Darshan"
42,https://www.youtube.com/watch?v=AqAJLh9wuZ0,Taylor Swift - The Man (Official Video)
43,https://www.youtube.com/watch?v=dANdTnL7GxE,Logic - Man I Is (Official Audio)
44,https://www.youtube.com/watch?v=RHZhi0a-CPQ,Child's Play - Richard Ayoade's Gadget Man: The FULL Episodes | Gadget Man S2 Episode 3
45,https://www.youtube.com/watch?v=LdHzeCYnuC0,GTA 5 Epic Ragdolls | Spider-Man ep.52 (Euphoria Physics)
46,https://www.youtube.com/watch?v=pECuHYLnLyo,GTA 5 Water Ragdolls | MEGALODON vs Spider-Man Jumps/Fails ep.48
47,https://www.youtube.com/watch?v=j8w7DzNgShg,"Mann (HD & Eng Subs)Hindi Full Movie - Aamir Khan, Manisha Koirala, Anil Kapoor - 90's Romantic Film"
48,https://www.youtube.com/watch?v=uyM6Wyg0xPg,Old Man Strength At Muscle Beach
49,https://www.youtube.com/watch?v=DaFRheiGED0,MAN 2020
50,https://www.youtube.com/watch?v=54IYi9JRPV4,SPIDER-MAN BATTLE! (FULL FIGHT) | FFH vs. SPIDER-VERSE vs. IRON SPIDER vs. RAIMI & MORE!
51,https://www.youtube.com/watch?v=ia1iuXbEaYQ,Selena Gomez - Rare (Official Music Video)
52,https://www.youtube.com/watch?v=mggVxZj5HTs,How Spider-Man 2 Should Have Ended
53,https://www.youtube.com/watch?v=A870mS0bN-E,SPIDER-MAN vs Captain America vs Iron Man (Part 2/3)
54,https://www.youtube.com/watch?v=YJMZ9rCdGZk,Leicester vs Man Unitedüî•Ian Wright Match Prediction Finish in The Top 3 & review
55,https://www.youtube.com/watch?v=6R2USoz__Mk,Man Tries to Cartwheel out of Police Custody || ViralHog
56,https://www.youtube.com/watch?v=wFeoLnr8Pn0,"Bharatpur royal Raja Man Singh Death Case explained, Significance of Mathura Court's Judgement #UPSC"
57,https://www.youtube.com/watch?v=LhZyHIZpzoM,"Person, Woman, Man, Camera, TV: The Movie"
58,https://www.youtube.com/watch?v=yRhRZB-nqOU,Spider-Man 2 - Stopping the Train Scene (7/10) | Movieclips
59,https://www.youtube.com/watch?v=KF4hH8wUXWw,BIG HULK VS SPIDERMAN - THE INCREDIBLE HULK VS SPIDER-MAN (2002)
60,https://www.youtube.com/watch?v=iaWr41rDkm0,A man and his silent treatment!
61,https://www.youtube.com/watch?v=IBV_loY5Kc0,TEAM IRONMAN VS TEAM SPIDER-MAN | Running Challenge #4 (Funny Contest) - GTA V Mods
62,https://www.youtube.com/watch?v=ejKvwawO0uA,"Trump Proves His Cognitive Abilities With Five Magical Words: Person, Woman, Man, Camera, TV"
63,https://www.youtube.com/watch?v=WfGMYdalClU,MAN
64,https://www.youtube.com/watch?v=tbEekLA7J3Y,Taylor Swift - The Man (Lyric Video)
65,https://www.youtube.com/watch?v=j8oaaP68i4s,How to person woman man camera tv
66,https://www.youtube.com/watch?v=oWATWGigIWM,Khushiyan Aur Gham | Mann (1999) | Aamir Khan | Manisha Koirala | Sharmila Tagore | Bollywood Song
67,https://www.youtube.com/watch?v=D61XWb1jSQU,Person Woman Man Camera TV -- Trump PROUD that he aced that five-word cognitive test
68,https://www.youtube.com/watch?v=3IIBVnn4eTM,ÎßàÎßàÎ¨¥ (Mamamoo) - Piano Man MV
69,https://www.youtube.com/watch?v=9jpsuaZlIss,Chaha Hai Tujhko | Mann (1999) | Aamir Khan | Manisha Koirala | Udit Narayan Romantic Song
70,https://www.youtube.com/watch?v=pCkLHDt9s1M,‡§µ‡§ø‡§∂‡§æ‡§≤ ‡§Æ‡§®‡•Å‡§∑‡•ç‡§Ø Giant Man Funny Comedy Story ‡§π‡§ø‡§Ç‡§¶‡•Ä ‡§ï‡§π‡§æ‡§®‡§ø‡§Ø Hindi Kahaniya Comedy Video
71,https://www.youtube.com/watch?v=jKCj3XuPG8M,BAD BOYS FOR LIFE - Official Trailer
72,https://www.youtube.com/watch?v=aBt8fN7mJNg,Backstreet Boys - Show Me The Meaning Of Being Lonely
73,https://www.youtube.com/watch?v=Z_4ULKpkLNc,ZZ Top - Rough Boy (Official Music Video)
74,https://www.youtube.com/watch?v=LVFZx-lJsL0,'BOY STORY Official Weibo' 1 million subscribers !! Special Video !!
75,https://www.youtube.com/watch?v=6pA_Tou-DPI,Girls' Generation ÏÜåÎÖÄÏãúÎåÄ 'The Boys' MV (KOR Ver.)
76,https://www.youtube.com/watch?v=0Gl2QnHNpkA,Backstreet Boys - As Long As You Love Me (Clive's Cut)
77,https://www.youtube.com/watch?v=eYwbGaSurCQ,STORMZY - OWN IT (feat. ED SHEERAN & BURNA BOY)
78,https://www.youtube.com/watch?v=4fndeDfaWCg,Backstreet Boys - I Want It That Way (Official Music Video)
79,https://www.youtube.com/watch?v=-wv0yyoGYLI,"Full Video: Bad Boy | Saaho | Prabhas, Jacqueline Fernandez | Badshah, Neeti Mohan"
80,https://www.youtube.com/watch?v=5g0Zn4AzPmw,Grand Masti | Taantra Boy | Birbal Musafir | Rajeev Negi | CL Chauhan |Himalayan Boys
81,https://www.youtube.com/watch?v=iILJvqrAQ_w,Charlie Puth - BOY [Official Audio]
82,https://www.youtube.com/watch?v=l9PxOanFjxQ,"Fall Out Boy - Immortals (Official Music Video) (From ""Big Hero 6"")"
83,https://www.youtube.com/watch?v=_90JjgZo9Ts,A girl and boy what they play like this?
84,https://www.youtube.com/watch?v=XsX3ATc3FbA,BTS (Î∞©ÌÉÑÏÜåÎÖÑÎã®) 'ÏûëÏùÄ Í≤ÉÎì§ÏùÑ ÏúÑÌïú Ïãú (Boy With Luv) (feat. Halsey)' Official MV
85,https://www.youtube.com/watch?v=H5hngjI3Oqs,Vir the robot boy vs little singham fight /vir the robo boy death by little singham? Vir new episode
86,https://www.youtube.com/watch?v=foXqdLnWtmg,Summer Morning Routine! *POPULAR GIRL vs NERDY BOY*
87,https://www.youtube.com/watch?v=ZnvnUEzScj4,Primitive Boy Saves Komodo Dragon From Python Attack - Most Amazing Wild Animal Attack
88,https://www.youtube.com/watch?v=2r9UuF9yWwQ,"Vir the robot boy, unlimited action to Action episode, new shiva robo boy episode"
89,https://www.youtube.com/watch?v=65vg74PXUBQ,Most Watch New Villege Boy Comedy Video 2019 | Episode 32 | #MahaFunTv
90,https://www.youtube.com/watch?v=mPRy1B4t5YA,Charli XCX - Boys [Official Video]
91,https://www.youtube.com/watch?v=eJSik6ejkr0,"Naughty Boy ft. Beyonc√©, Arrow Benjamin - Runnin' (Lose It All) [Official Video]"
92,https://www.youtube.com/watch?v=4-QMpR1L6XM,Unlock! Escape Attitude Boy
93,https://www.youtube.com/watch?v=6M6samPEMpM,Backstreet Boys - Everybody (Backstreet's Back) (Official Music Video)
94,https://www.youtube.com/watch?v=3O1_3zBUKM8,Naughty Boy - La la la ft. Sam Smith (Official Video)
95,https://www.youtube.com/watch?v=lPe09eE6Xio,Burna Boy - Ye [Official Music Video]
96,https://www.youtube.com/watch?v=bkZEPgBqAu8,The Boys Season 2 - First Look Clip: The Whale | Amazon Prime Video
97,https://www.youtube.com/watch?v=oq-sImFlgkU,New Top Funny Stupid Boys | Very Comedy Video 2019
98,https://www.youtube.com/watch?v=QnG22TS9glo,A GIRL NEED SWEETY BABY BOY TO ENJOY
99,https://www.youtube.com/watch?v=uDWvg1bEzp0,Boyfriend Answers Questions Girls Are Too Afraid To Ask | Korean German Couple
100,https://www.youtube.com/watch?v=aJOTlE1K90k,
101,https://www.youtube.com/watch?v=F57P9C4SAW4,Katy Perry - California Gurls (Official) ft. Snoop Dogg
102,https://www.youtube.com/watch?v=qGNnJF877dg,weekend getaway w the girls!
103,https://www.youtube.com/watch?v=9OgTLaedeVg,Girls' Night Out On A BUDGET!
104,https://www.youtube.com/watch?v=bMZJ9QqsflM,Police Rescue 2 Girls Stuck In Chhindwara's Pench River Who Went In For A Selfie
105,https://www.youtube.com/watch?v=afKBOFONecE,FUNNY THINGS ONLY GIRLS UNDERSTAND || Girls' Struggles And Problems by 123 GO!
106,https://www.youtube.com/watch?v=z8jNKa6Nvzw,"[ENG SUB] My Girl 22 (Zhao Yiqin, Li Jiaqi) (2020) | Dating a handsome but ""miserly"" CEO"
107,https://www.youtube.com/watch?v=6kahnkJGiu0,COOL TRICKS AND HACKS YOU NEED TO TRY || Hacks For Smart Girls by 123 GO!
108,https://www.youtube.com/watch?v=MtlXssrc01M,Boy hands souvenir over to girl behind him
109,https://www.youtube.com/watch?v=0LcbrwwvNo8,Girls Problems with Long Legs and Short Legs / Short People vs Tall People Problems
110,https://www.youtube.com/watch?v=3kZ2vL1GMWI,BEST RANDOM GIRLS SQUAD EVER - Joining Random Girls Squad Like A BOT - Jaguar Gaming PUBG Unbanned
111,https://www.youtube.com/watch?v=ZjuA_o6Jzyo,Haim - Summer Girl
112,https://www.youtube.com/watch?v=-GGXQjmSytQ,Watch | MP Police Rescue Girls from River Who Went in for Selfie
113,https://www.youtube.com/watch?v=Hfwt7hqe52o,üòç Random Conqueror Girl Call me Noob and I challenge for Tdm Room 1vs3 | PUBGMOBILE | PART 6
114,https://www.youtube.com/watch?v=p4kVWCSzfK4,"David Guetta - Where Them Girls At ft. Nicki Minaj, Flo Rida (Official Video)"
115,https://www.youtube.com/watch?v=ExJmET8boVw,"Rita Ora - Girls ft. Cardi B, Bebe Rexha & Charli XCX (Official Video)"
116,https://www.youtube.com/watch?v=ZKxb0BJu2-I,Girls Like Girls - Juliantina
117,https://www.youtube.com/watch?v=KT6ReWCkE10,Girls Problems with Long Nails and Short Nails
118,https://www.youtube.com/watch?v=dFr0OzL1yWQ,Billie Eilish - all the good girls go to hell (Live From The American Music Awards/2019)
119,https://www.youtube.com/watch?v=0t63oWosHA0,Pittsburgh Slim - Girls Kiss Girls
120,https://www.youtube.com/watch?v=4mlHvf6Jr9w,MLB | Girls Time
121,https://www.youtube.com/watch?v=Y-fqWMaXb8A,"Tyga - Girls Have Fun (Official Video) ft. Rich The Kid, G-Eazy"
122,https://www.youtube.com/watch?v=ejVktqDqzFs,"Does ""Hiccup Girl"" Jennifer Mee Deserve A Life Sentence!??"
123,https://www.youtube.com/watch?v=cRJPvUlPVLc,ü§¨ Random GIRL GAMER Challenged this YouTuber and Made fun of Him in PUBG Mobile
124,https://www.youtube.com/watch?v=XJv7egX9FcQ,Periods Prank with girl | Funky Joker
125,https://www.youtube.com/watch?v=kO6WzAvO1HQ,2 Best Smart Phones Under 20000 July 2020 | Tech Swami
126,https://www.youtube.com/watch?v=YF1sBlYZghg,"Cheapest IPhone X, Vivo, oppo, Mi, Oneplus, Samsung Smart Phones | Second hand mobile market | Delhi"
127,https://www.youtube.com/watch?v=dUaTmh3aric,Stop buying expensive smart phones
128,https://www.youtube.com/watch?v=W4NeW_9FQd0,Learn How to Operate Your 1st Android Smartphone | Tech Tak
129,https://www.youtube.com/watch?v=94GJhkmR1Xc,üî•üî• Top 5 4G Smartphones only ‚Çπ 3000
130,https://www.youtube.com/watch?v=bw7nopG95Pw,Top Upcoming Smartphones - May 2020üî•üî•üî•
131,https://www.youtube.com/watch?v=aeQnQ-vjtuY,Top 13 BEST Smartphones of 2020 (Mid Year).
132,https://www.youtube.com/watch?v=0sY0pTNDoWo,Top 5 Samsung Upcoming Smartphones - Sabse Saste Budget To Flagship Phones
133,https://www.youtube.com/watch?v=lFdEZPWTquU,"Top 6 Best Smartphonesüî• Under Rs 20,000 in India | Value For Money Phonesüí™"
134,https://www.youtube.com/watch?v=bLshNdVPGGc,"Top 6 Best BUDGET Smartphonesüì± Under Rs.10,000 In Indiaüî• [JUNE 2020]"
135,https://www.youtube.com/watch?v=xbRFrsHyXY4,Top 5 Budget Smartphones 2020 - Under $500!
136,https://www.youtube.com/watch?v=eq1-rQ9wYI8,"TOP 5 UPCOMING PHONES under 20,000 in AUGUST 2020"
137,https://www.youtube.com/watch?v=FXqoPVC72xs,I bought the cheapest smartphones ever.
138,https://www.youtube.com/watch?v=28HH-ufdeqc,Top 10+ Best Upcoming Smartphones Launches‚ö°‚ö° August 2020 India üî•üî•
139,https://www.youtube.com/watch?v=ccj9Bs_jNUY,Best Android Phones - Summer 2020
140,https://www.youtube.com/watch?v=M53_8laVluw,"Best Smartphones Under ‚Çπ15000‚ö°‚ö°‚ö°July 2020 | 90Hz vs Super Amoled | Samsung, Redmi, Poco, Realme"
141,https://www.youtube.com/watch?v=BPEP0HphcGs,Top Upcoming Smartphones - July 2020
142,https://www.youtube.com/watch?v=2jaHqwnbBN4,Top 5 BEST Smartphones of 2020.... So Far
143,https://www.youtube.com/watch?v=qVILJPiGGDM,TOP 5 MOBILE PHONES UNDER 5000 BUDGET ‚ö°‚ö°‚ö° 2019
144,https://www.youtube.com/watch?v=33Fl57fb7oY,Top 5 Best Smartphones Under ‚Çπ20000 Budget ‚ö°‚ö°‚ö°July 2020
145,https://www.youtube.com/watch?v=8ryF_Ro9dis,"Top Best Smartphones Under ‚Çπ15000 * July 2020 * | Samsung , Vivo , Redmi , Poco , Realme"
146,https://www.youtube.com/watch?v=CKwAEKGwj3U,#BoycottChina BEST NON-CHINESE SMARTPHONES to Buy in June 2020 üî• | Don't Buy Wrong Phone!
147,https://www.youtube.com/watch?v=0pss7E6IF_8,Top 20 BEST Smartphones of 2019.
148,https://www.youtube.com/watch?v=SLpnCzUW_6w,"Best Phones Under ‚Çπ 30,000 (After 2020 GST Hike)"
149,https://www.youtube.com/watch?v=y7WhxtTvfck,Top 5 Best Mobile Phones Under ‚Çπ15000 Budget ‚ö°‚ö°‚ö° June 2020
150,https://www.youtube.com/watch?v=SBoMC80UaG0,
151,https://www.youtube.com/watch?v=4OnwUz-I2GI,Smartphone Awards 2019!
152,https://www.youtube.com/watch?v=CwpEJfvhaNc,"Top 10+ Upcoming Smartphone Launches in India August 2020 ""NON CHINESE""| Oneplus Ka Sasta 5G Kab?"
153,https://www.youtube.com/watch?v=N1hl2MINAQw,Best Budget Smartphones Under ¬£300 (Summer 2020)
154,https://www.youtube.com/watch?v=9nYHEb9LTM4,Top Upcoming Smartphones - June 2020üî•üî•üî•
155,https://www.youtube.com/watch?v=BkCNQSqEKSA,Top 5 World Best Smartphones May 2020
156,https://www.youtube.com/watch?v=sUqrai5gkpw,Best Smartphones under 30000 in July 2020 | Best Flagship Mobiles under 30000
157,https://www.youtube.com/watch?v=0-nqhBhdLs0,"Top 5 Best Flagship Phones Under 50,000 Budget ‚ö°‚ö°‚ö° July 2020"
158,https://www.youtube.com/watch?v=7ym8Gg1UDWg,Top 5 Best Mobile Phones Under ‚Çπ10000 Budget ‚ö°‚ö°‚ö° June 2020
159,https://www.youtube.com/watch?v=KhuDutYEbVA,Top Upcoming Smartphones August 2020üî•üî•üî•
160,https://www.youtube.com/watch?v=psDO1rPFQ1Y,How Smartphones Are Made in Factory
161,https://www.youtube.com/watch?v=agcxqXO0Dps,Top Upcoming Smartphones - July 2020üî•üî•üî•
162,https://www.youtube.com/watch?v=-6WD98IQQFA,Best Smart Phones 2020 | E Review
163,https://www.youtube.com/watch?v=9I1PlRwyVDw,"TOP 5 BEST MOBILE PHONES UNDER ‚Çπ15000 BUDGET üì±‚ö°Ô∏èFt. Samsung, Vivo, Realme, Xiaomi , Honor"
164,https://www.youtube.com/watch?v=vin2CjR7viI,10 MOST UNUSUAL AND COOLEST SMARTPHONES
165,https://www.youtube.com/watch?v=Strjq-WZF7Y,Top Smartphones of 2020? ft. MKBHD
166,https://www.youtube.com/watch?v=X3paOmcrTjQ,Data Science In 5 Minutes | Data Science For Beginners | What Is Data Science? | Simplilearn
167,https://www.youtube.com/watch?v=lP1hb4BFAWA,Step By Step Action Plan For Learning Data Science in 2020
168,https://www.youtube.com/watch?v=qcqT5SqE8BY,Data Science in Hindi
169,https://www.youtube.com/watch?v=Vsi2Wn6mAlc,Entry Level Data Science Jobs | Which Data Science Role to Choose & How to Build a Good Resume?
170,https://www.youtube.com/watch?v=BgpIzWmcEhA,"How to become Data Scientist? Sexiest Job / Salary? Ft. Ex-Google, Facebook, Microsoft Engineer"
171,https://www.youtube.com/watch?v=tBU65SsJG_8,How To Become A Data Scientist In India (in 2020)
172,https://www.youtube.com/watch?v=dM_MzB2sCQk,Data Scientist Salary: How much a data scientist earn
173,https://www.youtube.com/watch?v=355u2bDqB7c,Live-Discussing All Hyperparameter Tuning Techniques Data Science Machine Learning
174,https://www.youtube.com/watch?v=dYZJxhYjBE8,Real Talk with Instagram Data Scientist
175,https://www.youtube.com/watch?v=4OZip0cgOho,How I Would Learn Data Science (If I Had to Start Over)
176,https://www.youtube.com/watch?v=iLcvvVXBSFo,HOW TO BECOME DATA SCIENTIST IN 2020- in Hindi| SALARY OF DATA SCIENTIST| Sangwans Studio|
177,https://www.youtube.com/watch?v=bM58Js0m-2A,What is data science In telugu-‡∞°‡±á‡∞ü‡∞æ ‡∞∏‡±à‡∞®‡±ç‡∞∏‡±ç ‡∞Ö‡∞Ç‡∞ü‡±á ‡∞è‡∞Æ‡∞ø‡∞ü‡∞ø-9059868766 Artificial intelligence AI Demo
178,https://www.youtube.com/watch?v=csG_qfOTvxw,How To Learn Data Science Smartly?
179,https://www.youtube.com/watch?v=xC-c7E5PK0Y,What REALLY is Data Science? Told by a Data Scientist
180,https://www.youtube.com/watch?v=KdgQvgE3ji4,Data Science in 8 Minutes | Data Science for Beginners | What is Data Science? | Edureka
181,https://www.youtube.com/watch?v=qoxCynmob7I,IIT Madras Online B.Sc. Degree/Diploma in Programming and Data Science üî•|| Without JEE
182,https://www.youtube.com/watch?v=NXoN3-BZpsQ,My Path on Becoming a Data Scientist- Motivation
183,https://www.youtube.com/watch?v=Rr4i9l80Ecs,A day in the life of a data science student | EXAM WEEK
184,https://www.youtube.com/watch?v=Dt89dX0c7Cw,Salary Of Data Scientist In India And US In 2020
185,https://www.youtube.com/watch?v=Vfo5le26IhY,Statistics for Data Science | Probability and Statistics | Statistics Tutorial | Ph.D. (Stanford)
186,https://www.youtube.com/watch?v=de7ZUb1fH3s,A Day in The Life of a Data Scientist üë®üèª‚Äçüíª| upGrad
187,https://www.youtube.com/watch?v=FGjYeKSfLr4,Live- Data Science Virtual Interview By Krish And Sudhanshu-Part 1
188,https://www.youtube.com/watch?v=S8MmsBsGP-Q,Data Science & Artificial Intelligence Career Advice by Real-Life Data Scientists
189,https://www.youtube.com/watch?v=-ETQ97mXXF0,Data Science Full Course - Learn Data Science in 10 Hours | Data Science For Beginners | Edureka
190,https://www.youtube.com/watch?v=-ETQ97mXXF0,Data Science Full Course - Learn Data Science in 10 Hours | Data Science For Beginners | Edureka
191,https://www.youtube.com/watch?v=-ETQ97mXXF0,Data Science Full Course - Learn Data Science in 10 Hours | Data Science For Beginners | Edureka
192,https://www.youtube.com/watch?v=-ETQ97mXXF0,Data Science Full Course - Learn Data Science in 10 Hours | Data Science For Beginners | Edureka
193,https://www.youtube.com/watch?v=_uQrJ0TkZlc,Python Tutorial - Python for Beginners [Full Course]
194,https://www.youtube.com/watch?v=_uQrJ0TkZlc,Python Tutorial - Python for Beginners [Full Course]
195,https://www.youtube.com/watch?v=_uQrJ0TkZlc,Python Tutorial - Python for Beginners [Full Course]
196,https://www.youtube.com/watch?v=_uQrJ0TkZlc,Python Tutorial - Python for Beginners [Full Course]
197,https://www.youtube.com/watch?v=_uQrJ0TkZlc,Python Tutorial - Python for Beginners [Full Course]
198,https://www.youtube.com/watch?v=_uQrJ0TkZlc,Python Tutorial - Python for Beginners [Full Course]
199,https://www.youtube.com/watch?v=_uQrJ0TkZlc,Python Tutorial - Python for Beginners [Full Course]
200,https://www.youtube.com/watch?v=_uQrJ0TkZlc,Python Tutorial - Python for Beginners [Full Course]
201,https://www.youtube.com/watch?v=_uQrJ0TkZlc,Python Tutorial - Python for Beginners [Full Course]
202,https://www.youtube.com/watch?v=u2zsY-2uZiE,Data Science Tutorial | Data Science for Beginners | Python for Data Science | 11 Hours Full Course
203,https://www.youtube.com/watch?v=GJaYfNiY4to,How to Learn Data Science in 2020 | Step By Step Action Plan for Learning Data Science | Edureka
204,https://www.youtube.com/watch?v=cVxELmATmOU,Data Science ‡Æ™‡Æ±‡Øç‡Æ±‡Æø ‡Æí‡Æ∞‡ØÅ ‡Æé‡Æ≥‡Æø‡ÆØ ‡Æµ‡Æø‡Æ≥‡Æï‡Øç‡Æï‡ÆÆ‡Øç
205,https://www.youtube.com/watch?v=ua-CiDNNj30,Learn Data Science Tutorial - Full Course for Beginners
206,https://www.youtube.com/watch?v=k2P_pHQDlp0,AI VS ML VS DL VS Data Science
207,https://www.youtube.com/watch?v=Vs_ko7lF71w,DATA SCIENCE ‡Æé‡Æ©‡Øç‡Æ±‡Ææ‡Æ≤‡Øç ‡Æé‡Æ©‡Øç‡Æ©? (Tamil)
208,https://www.youtube.com/watch?v=edvg4eHi_Mw,Python for Data Science | Data Science with Python | Python for Data Analysis | 11 Hours Full Course
209,https://www.youtube.com/watch?v=iJUzouXg5kY,Demystifying Data Science | Mr.Asitang Mishra | TEDxOakLawn
210,https://www.youtube.com/watch?v=rfscVS0vtbw,Learn Python - Full Course for Beginners [Tutorial]
211,https://www.youtube.com/watch?v=rfscVS0vtbw,Learn Python - Full Course for Beginners [Tutorial]
212,https://www.youtube.com/watch?v=rfscVS0vtbw,Learn Python - Full Course for Beginners [Tutorial]
213,https://www.youtube.com/watch?v=rfscVS0vtbw,Learn Python - Full Course for Beginners [Tutorial]
214,https://www.youtube.com/watch?v=rfscVS0vtbw,Learn Python - Full Course for Beginners [Tutorial]
215,https://www.youtube.com/watch?v=rfscVS0vtbw,Learn Python - Full Course for Beginners [Tutorial]
216,https://www.youtube.com/watch?v=rfscVS0vtbw,Learn Python - Full Course for Beginners [Tutorial]
217,https://www.youtube.com/watch?v=rfscVS0vtbw,Learn Python - Full Course for Beginners [Tutorial]
218,https://www.youtube.com/watch?v=rfscVS0vtbw,Learn Python - Full Course for Beginners [Tutorial]
219,https://www.youtube.com/watch?v=Scg59_McA8Q,Highest Paid Jobs of Future | Data Scientist Complete Detail Hindi | Courses | Salary | Degree's
220,https://www.youtube.com/watch?v=XrOLiypGDCQ,How to become a data scientist for free? | Step by step approach to become data scientist
221,https://www.youtube.com/watch?v=im1Xkj9gU9s,Meet The 12-Year-Old Who Is Working As A Data Scientist In Hyderabad
222,https://www.youtube.com/watch?v=XOgx6OyGF1Y,FREE Data Science Online Courses with FREE certificate
223,https://www.youtube.com/watch?v=Bi7f1JSSlh8,Most Research in Deep Learning is a Total Waste of Time - Jeremy Howard | AI Podcast Clips
224,https://www.youtube.com/watch?v=lXvPopmYJ5E,Best Books For Machine Learning 2020 | These Books Will Help You Learn Machine Learning |Simplilearn
225,https://www.youtube.com/watch?v=I74ymkoNTnw,üñ•Ô∏è HOW TO GET STARTED WITH MACHINE LEARNING!
226,https://www.youtube.com/watch?v=uOVhmOzX4VE,Machine Learning Full Course - Learn Machine Learning | Machine Learning Tutorial | Intellipaat
227,https://www.youtube.com/watch?v=czVeSFH4dWc,Sundar Pichai: How machine learning & deep learning improved technologies
228,https://www.youtube.com/watch?v=6Hm1pNqQxq0,Machine Learning Vs Artificial Intelligence? Same or Different?
229,https://www.youtube.com/watch?v=63NTeLmDANo,What is machine learning and how to learn it ?
230,https://www.youtube.com/watch?v=HcqpanDadyQ,What is Machine Learning?
231,https://www.youtube.com/watch?v=9f-GarcDY58,Machine Learning Tutorial | Machine Learning Full Course | Learn Machine Learning | Simplilearn
232,https://www.youtube.com/watch?v=OuPMVdski3E,Machine Learning in Hindi | Machine Learning Tutorial in Hindi | Python for Machine Learning | 2020
233,https://www.youtube.com/watch?v=aircAruvnKk,"But what is a Neural Network? | Deep learning, chapter 1"
234,https://www.youtube.com/watch?v=fSytzGwwBVw,Machine Learning Fundamentals: Cross Validation
235,https://www.youtube.com/watch?v=i04Pfrb71vk,Difference between Classification and Regression - Georgia Tech - Machine Learning
236,https://www.youtube.com/watch?v=5cFUZ03Sbhc,Why Machine Learning is The Future? | Sundar Pichai Talks About Machine Learning
237,https://www.youtube.com/watch?v=hjh1ikznScg,Machine Learning Basics | What Is Machine Learning? | Introduction To Machine Learning | Edureka
238,https://www.youtube.com/watch?v=EIVyQThUrq8,Machine Learning? Teaching Computers!!! What is it?
239,https://www.youtube.com/watch?v=uoifG7TgF2k,How Did I Learn Machine Learning in 3 Months
240,https://www.youtube.com/watch?v=f_uwKZIAeM0,What is Machine Learning?
241,https://www.youtube.com/watch?v=k6lYkR0A6iI,How to start machine learning as a software engineer in 5 steps!
242,https://www.youtube.com/watch?v=GwIo3gDZCVQ,Machine Learning Full Course - Learn Machine Learning 10 Hours | Machine Learning Tutorial | Edureka
243,https://www.youtube.com/watch?v=VwVg9jCtqaU,Machine Learning Zero to Hero (Google I/O'19)
244,https://www.youtube.com/watch?v=LCvCLZc_XLc,Learning Machine Learning: Learning Deep Learning
245,https://www.youtube.com/watch?v=vEBYLnHacQM,Machine Learning Books for Beginners
246,https://www.youtube.com/watch?v=cyLWtMSry58,Don't learn machine learning
247,https://www.youtube.com/watch?v=iahQOQZVdog,"Building a $5,000 Machine Learning Workstation with a NVIDIA TITAN RTX and RYZEN ThreadRipper"
248,https://www.youtube.com/watch?v=9r2VVM4nfk8,Powered by TensorFlow: Air Cognizer predicts air quality with machine learning
249,https://www.youtube.com/watch?v=pHiMN_gy9mk,2020 Machine Learning Roadmap
250,https://www.youtube.com/watch?v=RnFGwxJwx-0,Machine Learning with Python | Machine Learning Tutorial for Beginners | Machine Learning Tutorial
251,https://www.youtube.com/watch?v=sDv4f4s2SB8,"Gradient Descent, Step-by-Step"
252,https://www.youtube.com/watch?v=ukzFI9rgwfU,Machine Learning Basics | What Is Machine Learning? | Introduction To Machine Learning | Simplilearn
253,https://www.youtube.com/watch?v=ukzFI9rgwfU,Machine Learning Basics | What Is Machine Learning? | Introduction To Machine Learning | Simplilearn
254,https://www.youtube.com/watch?v=K5YTQSCohbc,Doramon 4 Button Jumbo Pencil Box With Calculator
255,https://www.youtube.com/watch?v=K5YTQSCohbc,Doramon 4 Button Jumbo Pencil Box With Calculator
256,https://www.youtube.com/watch?v=fhUfRIeRSZE,1950 Curta Calculator
257,https://www.youtube.com/watch?v=fhUfRIeRSZE,1950 Curta Calculator
258,https://www.youtube.com/watch?v=ISxpTXXZCqc,"how to use TAX+, TAX- on calculator in hindi"
259,https://www.youtube.com/watch?v=ISxpTXXZCqc,"how to use TAX+, TAX- on calculator in hindi"
260,https://www.youtube.com/watch?v=2tL_0y_R1lE,Finding log and antilogarithm using simple calculator
261,https://www.youtube.com/watch?v=2tL_0y_R1lE,Finding log and antilogarithm using simple calculator
262,https://www.youtube.com/watch?v=aEsXspkt4lk,[Complete]Build a Simple Calculator in Android Studio Part 2 for Beginners[URDU|HINDI]
263,https://www.youtube.com/watch?v=aEsXspkt4lk,[Complete]Build a Simple Calculator in Android Studio Part 2 for Beginners[URDU|HINDI]
264,https://www.youtube.com/watch?v=DagTKwy2FsA,How to Turn Off Calculator without Off Button (Manually)
265,https://www.youtube.com/watch?v=DagTKwy2FsA,How to Turn Off Calculator without Off Button (Manually)
266,https://www.youtube.com/watch?v=BAD-9SkknWo,YUNG CALCULATOR MOST TOXIC MOMENTS ( Funny Compilation )
267,https://www.youtube.com/watch?v=BAD-9SkknWo,YUNG CALCULATOR MOST TOXIC MOMENTS ( Funny Compilation )
268,https://www.youtube.com/watch?v=3tm4aUZazDI,How to Calculate In and exponential by the help of Scientific Calculator
269,https://www.youtube.com/watch?v=3tm4aUZazDI,How to Calculate In and exponential by the help of Scientific Calculator
270,https://www.youtube.com/watch?v=DtISPzRn0fc,He's a Pirate - Pirates of the Caribbean Theme (Dual Calculator Cover)
271,https://www.youtube.com/watch?v=DtISPzRn0fc,He's a Pirate - Pirates of the Caribbean Theme (Dual Calculator Cover)
272,https://www.youtube.com/watch?v=1rNAIB0qjAQ,Calculator Awesome Tricks ‡§ú‡§ø‡§∏‡•á ‡§ï‡•ã‡§à ‡§®‡§π‡•Ä‡§Ç ‡§ú‡§®‡§§‡§æ || By Technical Raghav
273,https://www.youtube.com/watch?v=1rNAIB0qjAQ,Calculator Awesome Tricks ‡§ú‡§ø‡§∏‡•á ‡§ï‡•ã‡§à ‡§®‡§π‡•Ä‡§Ç ‡§ú‡§®‡§§‡§æ || By Technical Raghav
274,https://www.youtube.com/watch?v=e4PTvXtz4GM,Faster than a calculator | Arthur Benjamin | TEDxOxford
275,https://www.youtube.com/watch?v=e4PTvXtz4GM,Faster than a calculator | Arthur Benjamin | TEDxOxford
276,https://www.youtube.com/watch?v=x-Qw394_uRc,CALCULATE PERCENTAGE WITH ( + - √ó √∑ ) ON CALCULATOR IN HINDI
277,https://www.youtube.com/watch?v=x-Qw394_uRc,CALCULATE PERCENTAGE WITH ( + - √ó √∑ ) ON CALCULATOR IN HINDI
278,https://www.youtube.com/watch?v=VLX59t9yUwY,Top Five Calculator Tips & Tricks for iPhone
279,https://www.youtube.com/watch?v=VLX59t9yUwY,Top Five Calculator Tips & Tricks for iPhone
280,https://www.youtube.com/watch?v=vUM7VnqWz5Q,How To Hide Apps And Videos | secret calculator hide app pro | Android tricks
281,https://www.youtube.com/watch?v=vUM7VnqWz5Q,How To Hide Apps And Videos | secret calculator hide app pro | Android tricks
282,https://www.youtube.com/watch?v=a2hMZPBqtog,Calculator me Photo Aur Video Kaise Hide kare || How to hide photos and Videos in Calculator
283,https://www.youtube.com/watch?v=a2hMZPBqtog,Calculator me Photo Aur Video Kaise Hide kare || How to hide photos and Videos in Calculator
284,https://www.youtube.com/watch?v=ZcmtlE4J-94,Check Percentage in Calculator: find out Percentage on Mobile calculator in Hindi
285,https://www.youtube.com/watch?v=ZcmtlE4J-94,Check Percentage in Calculator: find out Percentage on Mobile calculator in Hindi
286,https://www.youtube.com/watch?v=3tkDfNuJS3A,How to recover photos from Calculator hide app - Hidex | Calculator lock app
287,https://www.youtube.com/watch?v=3tkDfNuJS3A,How to recover photos from Calculator hide app - Hidex | Calculator lock app
288,https://www.youtube.com/watch?v=_KomtGXzT3o,CURTA Mechanical Calculator Demonstration
289,https://www.youtube.com/watch?v=AXPnz3iebkM,"2nd PLACE IN TRIO CUP ü•à ($1,000) W/ ZexRow & Mackwood"
290,https://www.youtube.com/watch?v=6_0-uEgEcI0,Disney Princess Password Diary and Hello Kitty Calculator Pencil Box
291,https://www.youtube.com/watch?v=SYPUiDvObVA,Flipkart commission calculator
292,https://www.youtube.com/watch?v=xW5xMJ7T3QM,calculator app lock forgot password. New Trick @VIP_Ronak_Singh
293,https://www.youtube.com/watch?v=ndxUg-sG2BM,How to Check Percentage in Calculator: find out Percentage on Mobile calculator in Hindi
294,https://www.youtube.com/watch?v=FJliMTWEOfs,Lion Family Learn Numbers üçí the Math Contest vs Calculator | Cartoon for Kids
295,https://www.youtube.com/watch?v=PAc5ToNhGNw,Date of birth kaise nikalte hai|Date of birth|age calculator trick|age kaise nikalte haiüí•
296,https://www.youtube.com/watch?v=g2KsVwli6mY,
297,https://www.youtube.com/watch?v=NeZFiSTsc4A,"How To Use All Features In Calculator In Hindi (M+, M-, GT, MU, DISP Etc.)"
298,https://www.youtube.com/watch?v=kvymoFdjuHw,15 Year Old YAASHWIN SARAWANAN Is A HUMAN CALCULATOR! | Asia's Got Talent 2019 on AXN Asia
299,https://www.youtube.com/watch?v=lAEeQSh_3Wk,‡∞ï‡∞æ‡∞≤‡∞ø‡∞ï‡±ç‡∞Ø‡±Å‡∞≤‡±á‡∞ü‡∞∞‡±ç ‡∞∂‡∞æ‡∞§‡∞Ç ‡∞≤‡±Ü‡∞ï‡±ç‡∞ï‡∞≤‡±Å || HOW TO CALCULATE PERCENTAGE IN CALCULATOR IN TELUGU
300,https://www.youtube.com/watch?v=tHZLXbRHcU0,11 bipartite Settlement salary calculations in details / 11 bipartite new salary calculator in EXCEL
301,https://www.youtube.com/watch?v=oDA8j4sqzLE,‡§ï‡•à‡§≤‡§ï‡•Å‡§≤‡•á‡§ü‡§∞ ‡§∏‡•á ‡§π‡§ø‡§∏‡§æ‡§¨ ‡§ï‡§ø‡§§‡§æ‡§¨ ‡§ï‡•à‡§∏‡•á ‡§ï‡§∞‡•á‡§Ç {PART-1}|| Using Calculator || From Umeedo Ka Prabhat
302,https://www.youtube.com/watch?v=STkGAMU4xKE,how to calculate intrest % using calculator in telugu || how to calculate emi using calculator
303,https://www.youtube.com/watch?v=HtOvoKE_vT0,How to Calculate Percentage in Mobile - Mobile Phone Se Pratishat Kaise Nikalte Hai Maths Trick
304,https://www.youtube.com/watch?v=C2R2XAMlqrc,CASIO HR 100RC CALCULATOR
305,https://www.youtube.com/watch?v=PGTDuChxyPY,"how to use MRC, M+, M- on calculator in hindi"
306,https://www.youtube.com/watch?v=Tm4f0lXPlgA,PRODUCT ‡§Ö‡§ó‡§∞ Rs 280/KG ‡§π‡•à‡§Ç ‡§§‡•ã 65 ‡§∞‡•Å‡§™‡§Ø‡•á ‡§Æ‡•á ‡§ï‡§ø‡§§‡§®‡•á ‡§ó‡•ç‡§∞‡§æ‡§Æ ‡§Æ‡§ø‡§≤‡•á‡§ó‡§æ USING CALCULATOR IN HINDI
307,https://www.youtube.com/watch?v=4gDJBEyxiMQ,How to hide photos in Calculator | How to hide your SECRET FILES in CALCULATOR
308,https://www.youtube.com/watch?v=2xRErv9OT_s,How to find out Percentage from Calculator Easy Way
309,https://www.youtube.com/watch?v=4semdEFL4Gk,I'm The CEO Of The Charged Shotgun - 25 Kill Arena Win | Yung Calc
310,https://www.youtube.com/watch?v=OQ3zhkkEwRg,How to make calculator
311,https://www.youtube.com/watch?v=bYYtAuwP_P8,calculator top15 secret tips and trick in hindi | by: hinditrickmasti
312,https://www.youtube.com/watch?v=3Px3rp0oW1k,Best Laptops under 25000 in India | Laptops under 25000 in 2020 | laptops under 25k in July 2020
313,https://www.youtube.com/watch?v=lAq51HO_o50,TOP 5 BEST LAPTOPS UNDER 30000 ‚ö°‚ö°‚ö° Best Budget Laptops To Buy In 2019
314,https://www.youtube.com/watch?v=Z5Vvpn-awnY,"Top 5 BEST Laptops in 30,000 to 35,000 Budget‚ö°‚ö°‚ö°Laptops For Work From Home, Students & Professionals"
315,https://www.youtube.com/watch?v=kOGGCGAb2d4,Most common fault on a Dead Laptop
316,https://www.youtube.com/watch?v=mciEZKSvva8,Smartphone to laptop transformation
317,https://www.youtube.com/watch?v=RQ7n7Uebw6Y,Mi Notebook Horizon Edition After 30 days usage - important things to consider when buying laptop
318,https://www.youtube.com/watch?v=LMrP-uK_SAo,Why Macbooks are Expensive? Mac Vs Windows Laptops???
319,https://www.youtube.com/watch?v=zHtg-nAhDoE,The Best Laptops for 2020
320,https://www.youtube.com/watch?v=FfunUnpwX34,LAPTOP MARKET WHOLESALE/RETAIL | CHEAPEST LAPTOP MARKET IN DELHI | LAXMI NAGAR LAPTOP MARKET |
321,https://www.youtube.com/watch?v=WLP_L7Mgz6M,"Things you can make from old, dead laptops"
322,https://www.youtube.com/watch?v=4V3uB12mRrU,"AMD Laptops - Faster, Longer Battery, and CHEAPER!"
323,https://www.youtube.com/watch?v=jU9ad2C0EDI,"Asus Vivobook 14"" Ryzen 5 3500U Budget Mid-Range Laptop"
324,https://www.youtube.com/watch?v=s-devXZPSyQ,Top 5 Budget Gaming Laptops 2020 - 2021
325,https://www.youtube.com/watch?v=xfGEW2AhgOU,10 Things You Should FIRST DO With Your New Smartphone ‚ö°‚ö°‚ö°How To Setup A New Mobile Phone
326,https://www.youtube.com/watch?v=Xz50kbJ0hXY,TOP 5 BEST LAPTOPS FOR STUDENTS‚ö°‚ö° LATEST 2020 | Core i5 | Nvidia Graphics | Touchscreen | SSD |
327,https://www.youtube.com/watch?v=3xX997E42Ro,"Laptop Buying Gyan: i3 vs i5 vs i7, Integrated vs Dedicated GraphicsCard, DosVsWindows, HDD vs SSD ?"
328,https://www.youtube.com/watch?v=vg-96Got_PA,Best Laptops for Students 2020
329,https://www.youtube.com/watch?v=k_GM1JA608Y,The World's Most Powerful Laptop!
330,https://www.youtube.com/watch?v=_jHeXEJseBk,Top 10 Best Student Laptops in 2020
331,https://www.youtube.com/watch?v=yxZQPcMTdJw,"TOP 5 BEST LAPTOPS UNDER 50000 ‚ö°‚ö°‚ö° Best Budget Laptops For Creators, Gamers And Students"
332,https://www.youtube.com/watch?v=JKAuJma-ulY,things to consider before buying a laptop ll in telugu ll by prasad ll
333,https://www.youtube.com/watch?v=MljYZi1IcWw,Budget Laptop with Amazing Specs - Avita Pura Ryzen 5
334,https://www.youtube.com/watch?v=dxPhJ0wfp0g,Best Laptop for programming 2020
335,https://www.youtube.com/watch?v=-erBfpPiPZU,"Wholesale Price Laptop Market | Starting from ‚Çπ999/- | Apple,Lenovo,Hp,Dell,Asus | Prateek kumar"
336,https://www.youtube.com/watch?v=sJK67XXE_Rg,Is There A New Best Laptop 2019?
337,https://www.youtube.com/watch?v=eaR3DhAqkKs,TOP 5 BEST LAPTOPS UNDER 50000 ‚ö°‚ö°‚ö° Best Budget Laptops For Students And Professionals
338,https://www.youtube.com/watch?v=s9jS1c4H5lk,"Desktop vs Laptop Gaming Performance, How Far Behind Are Today's Laptop GPUs?"
339,https://www.youtube.com/watch?v=ULNR__vpCMo,"Watch this before buying Laptop for College üî• | Best Laptop between Rs 30,000 - Rs 1lac"
340,https://www.youtube.com/watch?v=dTFnq_wJiZw,Perfect Gaming Laptop For 1080p High Gaming !! HP Omen 15 !! 8 Games Benchmarked !! [HINDI]
341,https://www.youtube.com/watch?v=d3FGcit43-o,The Best Budget Laptops for 2020
342,https://www.youtube.com/watch?v=eFV2RpM8Sbs,Best laptop under 35000 july 2020 | Best laptops for video editing and coding under 35000 in india
343,https://www.youtube.com/watch?v=33x46RxbYhA,Mac VS Windows for College | Best Laptops for students in India | BITS Pilani Laptop Experience
344,https://www.youtube.com/watch?v=3yrP7klBO1I,Best LAPTOP Under 40000 in INDIA 2020 - Most Powerful LAPTOP Under 40000 For Students (2020) üî•üî•üî•
345,https://www.youtube.com/watch?v=Iw_dbGdkkSw,Best Laptop Under 15000 | Top Best Laptops For Students (2020)
346,https://www.youtube.com/watch?v=RdqoaSuUcFo,Best Laptops under 45000 in India in 2020 | Laptops under 45000 in 2020 | laptops under 45K
347,https://www.youtube.com/watch?v=fidTuLfFsq8,Mother of All Gaming Laptops... üî•üî•ü§Ø
348,https://www.youtube.com/watch?v=aK9ZmRaROoc,"Laptop at 999/-Rs | Laptop warehouse in Delhi | Macbook, Dell, HP, Lenevo Laptop sale JNJ"
349,https://www.youtube.com/watch?v=-lCQMFC2D5Q,5 Reasons NOW is a Great Time to Buy a Laptop! | The Tech Chap
350,https://www.youtube.com/watch?v=1jgHbGBb_Cc,"Best Laptops under 50000 in India | For Students, Gaming, Office, Video Editing"
351,https://www.youtube.com/watch?v=c96uKMSz5HQ,Acer Swift 5 Review Ultra Light Laptop at 940 grams My New Laptop
352,https://www.youtube.com/watch?v=UuJS5QJpxmA,Best Non Chinese Laptops Under 40000 Rupees ‚ö°‚ö°‚ö° | Best Laptop Under 40000 Rupees in India in 2020‚ö°‚ö°
353,https://www.youtube.com/watch?v=j5TMxX3wssk,Top 5 Laptops Under 40000 | Editing | Gaming | Business | Students | Latest 2020 | Hindi/Urdu
354,https://www.youtube.com/watch?v=HBT412342uw,Restoration a destroyed 20-year-old LENOVO laptop | Rebuild and restore LENOVO laptops
355,https://www.youtube.com/watch?v=Y8Tko2YC5hA,What is Python? Why Python is So Popular?
356,https://www.youtube.com/watch?v=y3qZFu3gmYE,Build A Machine Learning Web App Using Python
357,https://www.youtube.com/watch?v=XLnimroGCIg,Learn Java In Tamil | Beginner to Advance Complete guide | Tamil Hacks
358,https://www.youtube.com/watch?v=T936yTchDck,Python Tutorial | Python Course | Intellipaat
359,https://www.youtube.com/watch?v=9e_hOnOvJOE,Day 5 | Batch 6 | LetsUpgrade - Python Essentials
360,https://www.youtube.com/watch?v=4F2m91eKmts,Python Tutorial for Beginners - Full Course in 11 Hours [2020]
361,https://www.youtube.com/watch?v=piTMNBINGKA,Experiment: coca cola Vs Mentos Vs Python Snake In Underground Hole
362,https://www.youtube.com/watch?v=HIj8wU_rGIU,How to Start Coding | Programming for Beginners | Learn Coding | Intellipaat
363,https://www.youtube.com/watch?v=WGJJIrtnfpk,Python Full Course - Learn Python in 12 Hours | Python Tutorial For Beginners | Edureka
364,https://www.youtube.com/watch?v=pJ3IPRqiD2M,Python Course | Python Tutorial for Beginners | Intellipaat
365,https://www.youtube.com/watch?v=J0Aq44Pze-w,"The Story of Python, by Its Creator, Guido van Rossum"
366,https://www.youtube.com/watch?v=k9TUPpGqYTo,Python Tutorial for Beginners 2: Strings - Working with Textual Data
367,https://www.youtube.com/watch?v=76vTbQ5Wf-A,20 FOOT PYTHON SNAKE STRIKE at Prehistoric Pets
368,https://www.youtube.com/watch?v=YYXdXT2l-Gg,Python Tutorial for Beginners 1: Install and Setup for Mac and Windows
369,https://www.youtube.com/watch?v=Eijmv78piU4,Day 3 | Batch 6 | LetsUpgrade - Python Essentials
370,https://www.youtube.com/watch?v=XGf2GcyHPhc,Learn Python by Building Five Games - Full Course
371,https://www.youtube.com/watch?v=kLZuut1fYzQ,What Can You Do with Python? - The 3 Main Applications
372,https://www.youtube.com/watch?v=PAPG8NI0iUI,Multi-tier Farm & Adventure! | Minecraft Survival Let's Play
373,https://www.youtube.com/watch?v=A32HF0SsEzI,H¬•DRA PYTHON üî¥ PUBG MOBILE LIVE : HYDRA ELITE FINAL DAY!! || !loco TO FOLLOW
374,https://www.youtube.com/watch?v=t5Nmi9KDonw,Python in Tamil | Python Tutorial for Beginners in Tamil | Full Course
375,https://www.youtube.com/watch?v=m_0UMFNOTTA,Why You Should Learn Python ? | Importance of Python Programming Language in Hacking
376,https://www.youtube.com/watch?v=SPOWikw5N78,H¬•DRA PYTHON üî¥ PUBG MOBILE LIVE : MERA NET KABHI NHI HAGTA xD|| !loco TO FOLLOW
377,https://www.youtube.com/watch?v=Ne4awwvc988,Live | Python Webinar | Python Programming for Beginners - Python Tutorial | Day 6 (15/7/20-21/7/20)
378,https://www.youtube.com/watch?v=wMBDuxHahdE,H¬•DRA PYTHON üî¥ PUBG MOBILE LIVE : MERA NET KABHI NHI HAGTA xD|| !loco TO FOLLOW
379,https://www.youtube.com/watch?v=417ANPkqMug,African Rock Python tries to Enter Home--Eats Rabbit Instead (Time Lapse X5)
380,https://www.youtube.com/watch?v=iE7BpqtfgYA,"Python is too aggressive - Big Cat Can't Escape of Giant Anaconda, Python vs Lion, Leopard, Monkey"
381,https://www.youtube.com/watch?v=aHaOIvR00So,Tableau Full Course - Learn Tableau in 6 Hours | Tableau Training for Beginners | Edureka
382,https://www.youtube.com/watch?v=8DvywoWv6fI,Python for Everybody - Full Course with Dr. Chuck
383,https://www.youtube.com/watch?v=cRELNmDpaks,Replace Excel Vlookup with Python - Five Minute Python Scripts
384,https://www.youtube.com/watch?v=iSQH-yZCQ9E,Python basics - Class 1 in Python course for School students - Python learning series
385,https://www.youtube.com/watch?v=ihk_Xglr164,Python Tutorial In Hindi üî•
386,https://www.youtube.com/watch?v=3dy_PYF9xOI,What is Python With Full Information? ‚Äì [Hindi] ‚Äì Quick Support
387,https://www.youtube.com/watch?v=4pFVZP9Yh3s,ANGRY RETICULATED PYTHON with EGGs at Prehistoric Pets!
388,https://www.youtube.com/watch?v=WViqKHq96mw,7 Biggest Snakes Ever Found
389,https://www.youtube.com/watch?v=_tLHRCTagZE,Anaconda 3: Offspring (2008) Clip - Attack From The Anaconda
390,https://www.youtube.com/watch?v=pA40VH8SoqM,Anaconda Snake in Real Life | Edit with Mobile
391,https://www.youtube.com/watch?v=APF04UhQEoE,"Khaufnaak Anaconda Full Hindi Dubbed Movie | Stephen Baldwin, Jayne Heitmeyer"
392,https://www.youtube.com/watch?v=kj25OQ20GFI,"Amazing ! Anaconda attack Car, Humans on Road , What results"
393,https://www.youtube.com/watch?v=M91TUimxJnc,Anacondas: Trail of Blood (2009) - Jeep vs. Anaconda Scene (3/10) | Movieclips
394,https://www.youtube.com/watch?v=rMcXfgVBhkY,Anaconda Snake in Real Life Video
395,https://www.youtube.com/watch?v=yXzPLOVrvcM,crazy ANACONDA stops the train and escapes in indian train Simulator ?
396,https://www.youtube.com/watch?v=_zNfsL0R9CU,Anaconda Snake 2 in Real Life HD Video
397,https://www.youtube.com/watch?v=2m3X9NtLVzg,Speckles The Tarbosaurus (Dinosaur V/s Dinosaur)- English Full Movies Dubbed In Hindi - Action Film
398,https://www.youtube.com/watch?v=TCNWp9rjDsQ,‡§ï‡•ç‡§Ø‡§æ ‡§π‡•ã‡§ó‡§æ ‡§Ö‡§ó‡§∞ ‡§Ü‡§™‡§ï‡•ã ‡§è‡§ï ‡§è‡§®‡§æ‡§ï‡•ã‡§Ç‡§°‡§æ ‡§®‡§ø‡§ó‡§≤ ‡§ú‡§æ‡§è? | What if an Anaconda swallows you?
399,https://www.youtube.com/watch?v=qyZTQUNgv4Q,AMAZING !! GIANT ANACONDA CLIMBING COCONUT TREES
400,https://www.youtube.com/watch?v=DgQcrUZNuxg,Anaconda Grabs and Swallows Pig in Outside Enclosure
401,https://www.youtube.com/watch?v=fEZ1S7RwD6k,Anaconda 3 || New Tamil Dubbed || Tamil Dubbed Hollywood Full Movies
402,https://www.youtube.com/watch?v=ZW5gp0IKag4,Aanakonda vs kingkong hollywood adventure movies in hindi dubbed full action hd movie in hindi 2018
403,https://www.youtube.com/watch?v=sF9doyJbFLk,"‡§ó‡§æ‡§è‡§Å , ‡§¨‡§ï‡§∞‡•Ä ‡§ï‡•ã ‡§è‡§ï ‡§¨‡§æ‡§∞ ‡§Æ‡•á‡§Ç ‡§π‡•Ä ‡§®‡§ø‡§ó‡§≤ ‡§∏‡§ï‡§§‡•á‡§Ç ‡§π‡•à‡§Ç ‡§Ø‡•á ‡§∏‡§æ‡§Ç‡§™ 5 Biggest Snakes in the World"
404,https://www.youtube.com/watch?v=59P4JmAexnc,Final Showdown With Anaconda | Anaconda | CineClips
405,https://www.youtube.com/watch?v=x8Z0PcwOI_c,Primitive Cat's Mother Save & Protect Her Baby From Anaconda Attack ‚Äì Anaconda VS Family Cat Home
406,https://www.youtube.com/watch?v=Rm-x4maMAks,What If You Were Swallowed by an Anaconda?
407,https://www.youtube.com/watch?v=SUKDey0-7bs,VIDEOBUSTER.de zeigt PIRANHACONDA - Anaconda und Piranha! deutscher Trailer HD zur DVD & Blu-ray
408,https://www.youtube.com/watch?v=mVPoHpazkVM,Giant Snakeüêç | anaconda full movie | latest anaconda movie clips 2020 | Giant Snake video sence
409,https://www.youtube.com/watch?v=Q7bzLQlXBj4,Anaconda 1 full movie
410,https://www.youtube.com/watch?v=Snz0VAwJXY4,2020 New Released Full Hindi Dubbed Movie | Hollywood Movies in Hindi Dubbed 2020 #Naga
411,https://www.youtube.com/watch?v=lX9SDbhnYYU,Anacondas 2 (2004) - Bloodsucking Leeches Scene (2/10) | Movieclips
412,https://www.youtube.com/watch?v=Sd6KIQrJ_xk,Anaconda Full movie in Hindi HD - KRDS TECH
413,https://www.youtube.com/watch?v=wra5-39LDcI,Snakes eat people compilation (Anaconda film pentology)
414,https://www.youtube.com/watch?v=UDxyybahXlc,Traffic halts as Giant Anaconda Crosses Road in Brazil; Video Goes Viral || GoViral
415,https://www.youtube.com/watch?v=qK-ZIGcFr6k,Anaconda
416,https://www.youtube.com/watch?v=TKybm_hdKTA,Anacondas 2 (2004) - Snake on Board Scene (3/10) | Movieclips
417,https://www.youtube.com/watch?v=Az3URMqIGtY,Amazing Two Brave Boys Catch Big Snake On The Road While Driving Car
418,https://www.youtube.com/watch?v=tJ4hzj-iX38,Giant Anaconda World's longest snake found in Amazon River
419,https://www.youtube.com/watch?v=X9llqhaclPw,Anaconda Hollywood Movie dubbed in hindi Full action and adventure 2020 movies
420,https://www.youtube.com/watch?v=ItGtzbLud8w,Anaconda Attacked on Nicholas Gonzalez | Best Action Horror Scene | Anacondas: Blood Orchid
421,https://www.youtube.com/watch?v=gP0xoRrf8i0,Anaconda Devours Huge Meal | Monster Snakes
422,https://www.youtube.com/watch?v=JWqaTJbxbW0,Anaconda (8/8) Movie CLIP - Swallowed Whole (1997) HD
423,https://www.youtube.com/watch?v=MWa3acAMddA,Boa (Anaconda) Full Length Movie | Superhit Telugu Dubbing Movie | AR Entertainment
424,https://www.youtube.com/watch?v=LDZX4ooRsWs,Nicki Minaj - Anaconda
425,https://www.youtube.com/watch?v=qgXY51Cx6iI,GIANT ANACONDA!...Meet Anaconda Named Medusa
426,https://www.youtube.com/watch?v=afSsw6WSwls,ANACONDA 1997 Movie Scenes Anaconda Clips
427,https://www.youtube.com/watch?v=iLDtdo4weKw,Big Cat Powerful Become Prey Of The Giant Anaconda - Wild Animal Attacks
428,https://www.youtube.com/watch?v=vzabDtXvsUI,Anaconda 2 - A Ca√ßada pela Orqu√≠dea Sangrenta Filme Completo HD (Dublado)
429,https://www.youtube.com/watch?v=XcxwOVNyfFY,"OMG! Giant Python Hunt Leopard Cubs When Mother Leopard Hunting Impala, Anaconda vs Crocodile"
430,https://www.youtube.com/watch?v=CGres9g0DTE,Ice Cube's Encounter With Anaconda | Anaconda | CineClips
431,https://www.youtube.com/watch?v=cNa3ZxKt0WA,Angry Royal Bengal Tiger Attacks Safari Bus In Bangladesh | A Full Day tour Bangabandhu Safari Park
432,https://www.youtube.com/watch?v=lYn39NnSbGU,Top 5 Tiger Moments | BBC Earth
433,https://www.youtube.com/watch?v=a-VCL7U_JEA,Monkeys Sound Alarm To Save Deer From A Tiger | Life | BBC Earth
434,https://www.youtube.com/watch?v=pKSPj-_WLtE,"Buffalo vs Lion vs Giraffe - Big Battle of Snake, Leopard, Crocodile,Tiger vs the prey | Wild animal"
435,https://www.youtube.com/watch?v=7nQhWhI89kQ,Most Funny and Cute Baby Tiger and Lion Videos
436,https://www.youtube.com/watch?v=7nQhWhI89kQ,Most Funny and Cute Baby Tiger and Lion Videos
437,https://www.youtube.com/watch?v=7nQhWhI89kQ,Most Funny and Cute Baby Tiger and Lion Videos
438,https://www.youtube.com/watch?v=7nQhWhI89kQ,Most Funny and Cute Baby Tiger and Lion Videos
439,https://www.youtube.com/watch?v=2bnTz--tfpQ,Lion VS Tiger - Tiger VS Lion - Aspin
440,https://www.youtube.com/watch?v=2bnTz--tfpQ,Lion VS Tiger - Tiger VS Lion - Aspin
441,https://www.youtube.com/watch?v=2bnTz--tfpQ,Lion VS Tiger - Tiger VS Lion - Aspin
442,https://www.youtube.com/watch?v=2bnTz--tfpQ,Lion VS Tiger - Tiger VS Lion - Aspin
443,https://www.youtube.com/watch?v=8c_4nn447Fo,TIGER ABHI ZINDA HAI üêÖ üêØ
444,https://www.youtube.com/watch?v=n2dcP5ucfeU,"Children CARTOONS 2019 HD - Scary Animal Bandits - Snake, Tiger, Shark, Lion, Dinosaur Kids Videos"
445,https://www.youtube.com/watch?v=EfAiS0VX-Es,18 Best Hindi Moral Stories for Kids collection | Infobells
446,https://www.youtube.com/watch?v=FK3dav4bA4s,Tigers 101 | National Geographic
447,https://www.youtube.com/watch?v=8v6BWMvEoBo,The Thankful Tiger Hindi Kahaniya | Hindi Stories for Kids | Infobells
448,https://www.youtube.com/watch?v=_UbDeqPdUek,Cubs Meet Adult Tiger for the First Time | Tigers About The House | BBC Earth
449,https://www.youtube.com/watch?v=RXHKxmgBd7s,Punyakoti Telugu Story | Honest Cow and the Tiger Stories for Kids | Infobells
450,https://www.youtube.com/watch?v=xmU0s2QtaEY,"Swag Se Swagat | Song | Tiger Zinda Hai | Salman Khan, Katrina Kaif | Vishal & Shekhar, Irshad, Neha"
451,https://www.youtube.com/watch?v=rMs06PfdJlU,Lion VS Tiger - Who will win in a fight ?
452,https://www.youtube.com/watch?v=rMs06PfdJlU,Lion VS Tiger - Who will win in a fight ?
453,https://www.youtube.com/watch?v=rMs06PfdJlU,Lion VS Tiger - Who will win in a fight ?
454,https://www.youtube.com/watch?v=rMs06PfdJlU,Lion VS Tiger - Who will win in a fight ?
455,https://www.youtube.com/watch?v=xeqJU7PLseg,"Baaghi 3: BHANKAS | Tiger S, Shraddha K | Bappi Lahiri,Dev Negi,Jonita Gandhi | Tanishk Bagchi"
456,https://www.youtube.com/watch?v=SAcpESN_Fk4,"Dil Diyan Gallan Song | Tiger Zinda Hai | Salman Khan, Katrina Kaif | Atif, Vishal & Shekhar, Irshad"
457,https://www.youtube.com/watch?v=-Xw21JYIXjM,Mohan Lal Powerpacked Tiger Action Scene | Telugu Action Scenes | 70MM Movies
458,https://www.youtube.com/watch?v=eqxTdSybKww,Vlad and Mama at sleeping tiger farm
459,https://www.youtube.com/watch?v=A5pSnIwbpaM,Saiyaara - Full Song | Ek Tha Tiger | Salman Khan | Katrina Kaif | Mohit Chauhan | Taraannum Mallik
460,https://www.youtube.com/watch?v=1UpAV2byuGg,TIGER HILL | HOW TO WITHDRAW + ACTIVATE FREE |FIRST TIME FULLY EXPLAINED | FULL VIDEO ü§© #tigerhill
461,https://www.youtube.com/watch?v=uFcZhH_wFbs,Lions Roaring Compilation
462,https://www.youtube.com/watch?v=uFcZhH_wFbs,Lions Roaring Compilation
463,https://www.youtube.com/watch?v=uFcZhH_wFbs,Lions Roaring Compilation
464,https://www.youtube.com/watch?v=uFcZhH_wFbs,Lions Roaring Compilation
465,https://www.youtube.com/watch?v=xwidefc2wpc,Living With Tigers: Family Share Home With Pet Tigers
466,https://www.youtube.com/watch?v=6xeChrdyxJE,"Maasthi Gudi - Tiger Attack In Village | Duniya Vijay, Amulya, Kriti Kharbanda | Fight Scene"
467,https://www.youtube.com/watch?v=kXmqwRj0o4E,Wild tiger cub for the first time on film | David Attenborough | Tiger Spy in the Jungle | BBC
468,https://www.youtube.com/watch?v=xIgBDHXrfNg,Baaghi 3 Full Movie Tiger Shroff And Shraddha Kapoor | Bollywood Movies
469,https://www.youtube.com/watch?v=mDKLfCCoqvw,‡§¨‡§æ‡§ò ‡§ï‡•á ‡§∏‡§æ‡§• ‡§≤‡•Å‡§ï‡§æ‡§õ‡§ø‡§™‡•Ä Tiger Hide & Seek Comedy Video ‡§π‡§ø‡§Ç‡§¶‡•Ä ‡§ï‡§π‡§æ‡§®‡§ø‡§Ø Hindi Kahaniya Stories Comedy Video
470,https://www.youtube.com/watch?v=atTF_LtPUes,Big Male Lion Makes Epic Entrance | Tintswalo Virtual Safari Highlights
471,https://www.youtube.com/watch?v=TeCkm-BEZ-8,Adorable Lion Cubs Frolic as their Parents Look On
472,https://www.youtube.com/watch?v=D1KaD1u0z34,Adorable Lion Moments | Top 5 | BBC Earth
473,https://www.youtube.com/watch?v=bOx--_Qphs0,Week 6 Day 1 | LEC Summer Split (2020)
474,https://www.youtube.com/watch?v=5YU4lLxi0go,The Man Who Cuddles Lions | BEAST BUDDIES
475,https://www.youtube.com/watch?v=sBtYhhsFGwg,They Let a Dog in a Lion's Cage. What Happened Then Shocked Everyone
476,https://www.youtube.com/watch?v=jenVMnOi2uA,Part of the Lion Pride - Dean Schneider living with lions
477,https://www.youtube.com/watch?v=c8i0hjegneY,Largest Lion Pride Ever Blocking Road In Kruger Park
478,https://www.youtube.com/watch?v=68JOgtt15Zs,‡§∂‡•á‡§∞ ‡§î‡§∞ ‡§ö‡•Ç‡§π‡•á | Lion and the Mouse in Hindi | Kahani | Hindi Fairy Tales
479,https://www.youtube.com/watch?v=hwC3gIbfcWs,Lion Family | Healthy Habits & Good Habits. Want to Be a Good Kid | Cartoon for Kids
480,https://www.youtube.com/watch?v=kOJrmrSevKM,‚ñ∂Ô∏éNEW‚ÄºÔ∏èThe Mysterious Lives of Lion Prides [National Geographic Documentary 2020 HD 1080P]
481,https://www.youtube.com/watch?v=10ZTTyTziYw,‚ñ∂Ô∏éTales From Wild African Animals: Pride of Lions [National Geographic Documentary 2020] (ENG SUB)
482,https://www.youtube.com/watch?v=Tx4wYi2S0Go,No No Don't Open the Wrong Door #5 üö™ Lion Family Cartoon for Kids
483,https://www.youtube.com/watch?v=yoecv7Noq1A,10 Most Unique Lions in the World!
484,https://www.youtube.com/watch?v=h0CC8PwxsXw,Lions in 4K 10 bit color - African Wildlife Animals - 5 HRS
485,https://www.youtube.com/watch?v=DXUAyRRkI6k,Funny Cats and Kittens Meowing Compilation
486,https://www.youtube.com/watch?v=9Ciyd4AggzI,Lion King: 23-Year-Old Is Best Friends With Big Cats | BEAST BUDDIES
487,https://www.youtube.com/watch?v=IkvIKjzF7YE,Lion Family üíé Color Gems & Color Ice Cream #2 | Cartoon for Kids
488,https://www.youtube.com/watch?v=cp2GLUrQ2lc,‚ñ∂Ô∏éNEW‚ÄºÔ∏èThe Nsefu Lion Pride: Comes of Age | Africa Wildlife Lion Documentary 2020 FULL HD (ENG SUB)
489,https://www.youtube.com/watch?v=B1QZLyQh-Ss,Too Brave! Powerful Hero Buffalo Come To Rescue Poor Zebra Escape Lions
490,https://www.youtube.com/watch?v=7al0I1w1LcQ,Meet The Characters: Geena‚Äôs Spotted Hyena Clan | The Lion Whisperer
491,https://www.youtube.com/watch?v=-olqqcTBbAI,Male Lions Attacking Another Lion Get Interrupted by Elephants & Hippos
492,https://www.youtube.com/watch?v=4BPhSCEeymc,Mystery Boxes - Detective Lion Plays Hide and Seek With Lost Toys | Lion Family | Cartoon for Kids
493,https://www.youtube.com/watch?v=sPyAQQklc1s,Lions 360¬∞ | National Geographic
494,https://www.youtube.com/watch?v=GibiNy4d4gc,"Carmen Twillie, Lebo M. - Circle Of Life (Official Video from ""The Lion King"")"
495,https://www.youtube.com/watch?v=a5V6gdu5ih8,Lion Attacked by Clan of Hyenas - FULL CLIP (with ending) | Dynasties | BBC Earth
496,https://www.youtube.com/watch?v=dJU9ZkPorDE,WHEN LIONS ATTACK *BRUTAL* National Geographic Documentary 2020 | 1080p
497,https://www.youtube.com/watch?v=lQHwkN_VQQM,Extraordinary Lion Hunt Filmed | Attenborough 60 Years In The Wild | BBC Earth
498,https://www.youtube.com/watch?v=Y-UGS6op5xo,‚ñ∂Ô∏éNEW‚ÄºÔ∏èRise of Luangwa Lion Pride | Africa Wildlife Lion Documentary 2020 FULL HD 1080P (ENG SUB)
499,https://www.youtube.com/watch?v=OMkEVX23BdM,Lions 101 | Nat Geo Wild
500,https://www.youtube.com/watch?v=ODhSu5t9080,The Lion Guard Full Episodes - Lions of the Outlands
501,https://www.youtube.com/watch?v=Z8hI5uqpy_w,Best Lion Moments: Part 1 | Top 5 | BBC Earth
502,https://www.youtube.com/watch?v=xOleukLZJ5g,‚ñ∂Ô∏éNEW‚ÄºÔ∏èYoung Lion Cubs: Future Of The Pride | Africa Wildlife Lion Documentary 2020 HD (ENG SUB)
503,https://www.youtube.com/watch?v=HoRkntoHkIE,Phillip Phillips - Home
504,https://www.youtube.com/watch?v=nmhQhByH1nY,Cute Beautiful House Design | House Interior | Home | Modern house for sale 5.38cent 2450sqft 4bhk
505,https://www.youtube.com/watch?v=_8WPqqzMoX0,Diana and the Children's Story about viruses / Kids Stay at Home
506,https://www.youtube.com/watch?v=v2AT7oSGZbQ,BTS (Î∞©ÌÉÑÏÜåÎÖÑÎã®) - HOME (Color Coded Lyrics Eng/Rom/Han/Í∞ÄÏÇ¨)
507,https://www.youtube.com/watch?v=LzPPAw5tnqs,Edward Sharpe & The Magnetic Zeros - Home with Lyrics
508,https://www.youtube.com/watch?v=Y5SBhyk-1cA,You Have It at Home But Don't Know Its Purpose
509,https://www.youtube.com/watch?v=88iKZQ7D6Mo,Build Swimming Pool On home Underground
510,https://www.youtube.com/watch?v=q-SdZe-cEFk,PANDA HOME TOUR!
511,https://www.youtube.com/watch?v=dcHWmDQYzyU,23 CRAZY HACKS YOU NEED TO KNOW || Work From Home Tips
512,https://www.youtube.com/watch?v=lbSOLBMUvIE,Michael Bubl√© - Home [Official Music Video]
513,https://www.youtube.com/watch?v=ZmF8_g5H8fg,Diana dan Roma - Petualangan dengan Mainan | Bahasa Indonesia
514,https://www.youtube.com/watch?v=Vr2FLgmWCJA,David Guetta / United at Home - Fundraising Live from Miami #UnitedatHome #StayHome #WithMe
